Row_no,No,Showing_time,Mode,Font_size,Font_color,Created_time,Converted_time,Time_interval,Danmaku_pool,RowID,user_id_encrypt,Barrages_original,Barrages_simplified,VideoID
1,,245.832,1,25,16646914,1571648884,10/21/19 4:08,515,0,2.33343E+16,a7df2268,支持！,,55573492
2,,12.437,1,25,16777215,1571649453,10/21/19 4:17,515,0,2.33346E+16,2210f51d,我想安乐死,,55573492
3,,59.397,1,25,16777215,1571652207,10/21/19 5:03,515,0,2.33361E+16,877a545b,因为“生于忧患死于安乐”啊,,55573492
4,,13.048,1,25,16777215,1571665471,10/21/19 8:44,515,0,2.3343E+16,aeb09066,我愿意接受,,55573492
5,,254.738,1,25,16777215,1571665713,10/21/19 8:48,515,0,2.33432E+16,aeb09066,支持,,55573492
6,,242.366,1,25,16777215,1571672842,10/21/19 10:47,515,0,2.33469E+16,f7d6a549,我先带头安乐死,,55573492
7,,258.238,1,25,15138834,1571697228,10/21/19 17:33,515,0,2.33597E+16,dbdc4eda,坚决支持,,55573492
8,,75.161,1,25,16777215,1571719432,10/21/19 23:43,515,0,2.33713E+16,51d7191e,河南,,55573492
9,,94.158,1,25,16777215,1571719459,10/21/19 23:44,515,0,2.33713E+16,51d7191e,胡辣汤,,55573492
10,,78.858,1,25,16777215,1571719444,10/21/19 23:44,515,0,2.33713E+16,51d7191e,河南,,55573492
11,,251.907,1,25,16777215,1571719861,10/21/19 23:51,515,0,2.33715E+16,8867ed08,支持,,55573492
12,,256.992,1,25,16777215,1571719874,10/21/19 23:51,515,0,2.33716E+16,8867ed08,支持,,55573492
13,,244.379,1,25,16777215,1571735221,10/22/19 4:07,516,0,2.33796E+16,bcb50e5,都死了去哪里咔韭菜,,55573492
14,,60.707,1,25,16777215,1571747335,10/22/19 7:28,516,0,2.3386E+16,bdbe1bc4,抗锯齿,,55573492
15,,256,1,25,16777215,1571754518,10/22/19 9:28,516,0,2.33897E+16,1aa5b1eb,反对,,55573492
16,,258.303,5,25,16777215,1571754526,10/22/19 9:28,516,0,2.33897E+16,1aa5b1eb,反对,,55573492
17,,251.989,1,25,16777215,1571754505,10/22/19 9:28,516,0,2.33897E+16,1aa5b1eb,反对,,55573492
18,,258.56,1,25,16777215,1571806977,10/23/19 0:02,517,0,2.34172E+16,9c3f516f,反对,,55573492
19,,180.701,1,25,16777215,1571812946,10/23/19 1:42,517,0,2.34203E+16,e79cca13,农药不能马上杀死你，会折磨你然后死去,,55573492
20,,100.394,1,25,16777215,1571816660,10/23/19 2:44,517,0,2.34223E+16,6be606b8,带孝子,,55573492
21,,249.275,1,25,16777215,1571822624,10/23/19 4:23,517,0,2.34254E+16,1c4fa3cf,不行,,55573492
22,,43.858,1,25,16777215,1571826009,10/23/19 5:20,517,0,2.34272E+16,ce4f07f5,因为一但同意，中国人口锐减,,55573492
23,,249.258,1,25,16777215,1571831407,10/23/19 6:50,517,0,2.343E+16,eac23b0a,大部分人肯定是想活着看见更多风景，不想活下去肯定有自己的理由，就算没有安乐死，可能也会选择自杀,,55573492
24,,214.595,1,25,16777215,1571837779,10/23/19 8:36,517,0,2.34334E+16,8b3d6639,我支持安乐死,,55573492
25,,248.41,1,25,16777215,1571838018,10/23/19 8:40,517,0,2.34335E+16,8b3d6639,的确是想轻易结束生命而支持,,55573492
26,,258.277,1,25,16777215,1571839846,10/23/19 9:10,517,0,2.34345E+16,844f25a,中立,,55573492
27,,256.111,1,25,16777215,1571873248,10/23/19 18:27,517,0,2.3452E+16,81f47b38,支持,,55573492
28,,257.295,1,25,16777215,1571876505,10/23/19 19:21,517,0,2.34537E+16,8320cc33,反对,,55573492
29,,250.001,1,25,16777215,1571878846,10/23/19 20:00,517,0,2.34549E+16,48ec653a,支持,,55573492
30,,219.52,1,25,16777215,1571894211,10/24/19 0:16,518,0,2.3463E+16,8f9533e3,我怕痛苦的死，我曾经想过安乐死，但是没想到这样…,,55573492
31,,256.593,1,25,16777215,1571911287,10/24/19 5:01,518,0,2.34719E+16,fda564c4,反对,,55573492
32,,57.795,1,25,16777215,1571913463,10/24/19 5:37,518,0,2.3473E+16,5e1c78eb,减寿预警哈哈哈哈哈哈,,55573492
33,,62.932,1,25,16777215,1571913472,10/24/19 5:37,518,0,2.34731E+16,5e1c78eb,暴力,,55573492
34,,180.502,1,25,15138834,1571915163,10/24/19 6:06,518,0,2.34739E+16,5fc25bdc,唉，本来只是好心而已。,,55573492
35,,245.036,1,25,15138834,1571915234,10/24/19 6:07,518,0,2.3474E+16,5fc25bdc,为什么荷兰可以做的很好，中国却做不到啊？,,55573492
36,,44.721,1,25,16777215,1571921219,10/24/19 7:46,518,0,2.34771E+16,85f82133,反对，万一自己被别人强制安乐死呢,,55573492
37,,241.731,1,25,16777215,1571930108,10/24/19 10:15,518,0,2.34818E+16,ebd01668,支持,,55573492
38,,11.53,1,25,16777215,1571936544,10/24/19 12:02,518,0,2.34852E+16,d0de9790,穷,,55573492
39,,245.672,1,25,16777215,1571936854,10/24/19 12:07,518,0,2.34853E+16,d0de9790,到晚安时，你们就知道安静的死是多幸福的了,,55573492
40,,121.731,1,25,16777215,1571940329,10/24/19 13:05,518,0,2.34871E+16,6e5a868c,考研英语考过,,55573492
41,,42.675,1,25,16777215,1571969700,10/24/19 21:15,518,0,2.35025E+16,7971a243,反对,,55573492
42,,175.466,1,25,16777215,1571981688,10/25/19 0:34,519,0,2.35088E+16,c1251984,法盲们，这种案件少见审得久很正常,,55573492
43,,8.026,1,25,16777215,1571988313,10/25/19 2:25,519,0,2.35123E+16,4ac1cab,安乐死监管不严容易出事儿,,55573492
44,,61.24,1,25,16777215,1571988367,10/25/19 2:26,519,0,2.35123E+16,4ac1cab,安乐死合法之后 贫困家庭的患者会面临家人的压力去选择安乐死,,55573492
45,,250.041,1,25,16777215,1571988723,10/25/19 2:32,519,0,2.35125E+16,2396868c,反对,,55573492
46,,148.943,1,25,16777215,1571993099,10/25/19 3:44,519,0,2.35148E+16,cb7c0197,因为人口是战略资源,,55573492
47,,4.922,1,25,16777215,1571995507,10/25/19 4:25,519,0,2.35161E+16,9dbb72bc,想想农村 遗弃老人和老人自杀的事本来就多 安乐死合法岂不是合法剥夺了他们的生存权利,,55573492
48,,95.35,1,25,16777215,1572003769,10/25/19 6:42,519,0,2.35204E+16,82802721,活着或许痛苦，但是有无限的可能，死了就什么可能都没了,,55573492
49,,157.069,1,25,16777215,1572019120,10/25/19 10:58,519,0,2.35284E+16,e6d2569f,安,,55573492
50,,168.261,1,25,16777215,1572019131,10/25/19 10:58,519,0,2.35284E+16,e6d2569f,我汉中,,55573492
51,,223.238,1,25,16777215,1572020216,10/25/19 11:16,519,0,2.3529E+16,985b9815,我反对,,55573492
52,,249.641,1,25,16777215,1572027611,10/25/19 13:20,519,0,2.35329E+16,5cabef92,支持,,55573492
53,,10.318,1,25,16707842,1572027668,10/25/19 13:21,519,0,2.35329E+16,8382d70e,合法了，就容易“被安乐死”了,,55573492
54,,78.801,1,25,16777215,1572047331,10/25/19 18:48,519,0,2.35432E+16,280e644d,瑞士呢？？？,,55573492
55,,241.601,1,25,16777215,1572047513,10/25/19 18:51,519,0,2.35433E+16,280e644d,希望通过消极安乐死吧，积极的…emmmm,,55573492
56,,8.139,1,25,16777215,1572049527,10/25/19 19:25,519,0,2.35444E+16,a9204431,因为被......,,55573492
57,,0.768,1,25,16777215,1572056452,10/25/19 21:20,519,0,2.3548E+16,130e9f85,因为他想让我们上吊死,,55573492
58,,255.657,1,25,16777215,1572057117,10/25/19 21:31,519,0,2.35484E+16,6081b5b7,支持,,55573492
59,,253.461,1,25,16777215,1572060195,10/25/19 22:23,519,0,2.355E+16,11cd7d0c,支持,,55573492
60,,248.459,1,25,16777215,1572066030,10/26/19 0:00,520,0,2.3553E+16,ac0d5cdd,反对,,55573492
61,,251.585,1,25,16777215,1572077935,10/26/19 3:18,520,0,2.35593E+16,a0b5d118,支持,,55573492
62,,26.292,1,25,16777215,1572081913,10/26/19 4:25,520,0,2.35614E+16,d2ffca7e,不想活可以自杀啊，为什么要别人杀了自己嘞。,,55573492
63,,248.127,1,25,16777215,1572090696,10/26/19 6:51,520,0,2.3566E+16,6984e21e,反对,,55573492
64,,235.05,5,25,15138834,1572093729,10/26/19 7:42,520,0,2.35676E+16,2fbaf589,也是我,,55573492
65,,246.051,1,25,16777215,1572095712,10/26/19 8:15,520,0,2.35686E+16,ad4915bd,反对,,55573492
66,,256.927,1,25,16777215,1572096570,10/26/19 8:29,520,0,2.3569E+16,5ecbee1e,支持,,55573492
67,,246.708,1,25,16777215,1572101494,10/26/19 9:51,520,0,2.35716E+16,4337e65d,反对,,55573492
68,,246.708,1,25,16777215,1572101501,10/26/19 9:51,520,0,2.35716E+16,4337e65d,反对。,,55573492
69,,231.769,1,25,16777215,1572101529,10/26/19 9:52,520,0,2.35717E+16,4337e65d,反对,,55573492
70,,221.369,1,25,16777215,1572101511,10/26/19 9:51,520,0,2.35716E+16,4337e65d,反对。,,55573492
71,,248.249,1,25,16777215,1572101550,10/26/19 9:52,520,0,2.35717E+16,4337e65d,反对,,55573492
72,,227.529,1,25,16777215,1572101522,10/26/19 9:52,520,0,2.35716E+16,4337e65d,反对,,55573492
73,,254.078,1,25,16777215,1572108894,10/26/19 11:54,520,0,2.35755E+16,9de9d406,反对，但无主者又又,,55573492
74,,253.701,1,25,16777215,1572123800,10/26/19 16:03,520,0,2.35833E+16,d78bfc88,支持,,55573492
75,,189.61,5,25,16777215,1572126015,10/26/19 16:40,520,0,2.35845E+16,ccb9101,我支持这一说法,,55573492
76,,6.657,1,25,16777215,1572147257,10/26/19 22:34,520,0,2.35956E+16,78ae9393,那中国老龄化一定会加重,,55573492
77,,250.208,1,25,16777215,1572147932,10/26/19 22:45,520,0,2.3596E+16,6234fc4f,支持,,55573492
78,,251.951,1,25,16777215,1572153268,10/27/19 0:14,521,0,2.35988E+16,c92e2edb,支持,,55573492
79,,248.175,1,25,16777215,1572155202,10/27/19 0:46,521,0,2.35998E+16,8b17ff33,支持,,55573492
80,,218.921,1,25,16777215,1572165116,10/27/19 3:31,521,0,2.3605E+16,dba742f,然后就是各种敛财的开始。,,55573492
81,,236.865,1,25,16777215,1572172304,10/27/19 5:31,521,0,2.36088E+16,768ca459,但是痛苦的活着还不如了解。,,55573492
82,,250.601,5,25,15138834,1572182765,10/27/19 8:26,521,0,2.36142E+16,f55d0bbc,支持啊，不能死得太痛…,,55573492
83,,149.362,1,25,16777215,1572192241,10/27/19 11:04,521,0,2.36192E+16,f11a7ec6,我也在汉中西乡,,55573492
84,,40.564,1,25,16777215,1572226651,10/27/19 20:37,521,0,2.36373E+16,80a5666f,因为你是劳动力，工蚁死了谁来养蚁后？,,55573492
85,,249.304,1,25,16777215,1572228585,10/27/19 21:09,521,0,2.36383E+16,2838df66,支持,,55573492
86,,256.642,1,25,16777215,1572228596,10/27/19 21:09,521,0,2.36383E+16,2838df66,支持,,55573492
87,,7.321,1,25,16777215,1572234437,10/27/19 22:47,521,0,2.36413E+16,1bd4fbeb,因为他是死刑犯，他以前伤害很多家庭和人，所有没有资格安乐死,,55573492
88,,257.45,1,25,16777215,1572236930,10/27/19 23:28,521,0,2.36426E+16,2b4c17d8, 支持,,55573492
89,,31.232,1,25,16777215,1572241757,10/28/19 0:49,522,0,2.36452E+16,ae631547,书声音好听,,55573492
90,,246.255,1,25,16777215,1572254200,10/28/19 4:16,522,0,2.36517E+16,7054eb9c,支持,,55573492
91,,8.172,1,25,16777215,1572256089,10/28/19 4:48,522,0,2.36527E+16,8e8a82c5,因为腐败，,,55573492
92,,259,1,25,16777215,1572258896,10/28/19 5:34,522,0,2.36542E+16,87f0bc87,我支持,,55573492
93,,246.398,1,25,16777215,1572264840,10/28/19 7:14,522,0,2.36573E+16,fb17a34e,有些病根本治不好，活着确实难受,,55573492
94,,92.873,1,25,16777215,1572317759,10/28/19 21:55,522,0,2.3685E+16,66bfba8f,每个人都有选择死亡的权利。,,55573492
95,,230.339,1,25,16777215,1572319790,10/28/19 22:29,522,0,2.36861E+16,8d408c44,也对啊，弊大于利,,55573492
96,,47.767,1,25,16777215,1572321033,10/28/19 22:50,522,0,2.36867E+16,d9a6e4f,就是让你痛苦死 滑稽,,55573492
97,,161.62,1,25,16777215,1572321147,10/28/19 22:52,522,0,2.36868E+16,d9a6e4f,把一切都推给人口 果然是洗的好,,55573492
98,,19.327,1,25,16777215,1572332852,10/29/19 2:07,523,0,2.36929E+16,1796dcb1,越大越难管,,55573492
99,,110.193,1,25,16777215,1572332995,10/29/19 2:09,523,0,2.3693E+16,1796dcb1,还不成熟，我觉得会有黑色产业链,,55573492
100,,211.412,5,25,16777215,1572333225,10/29/19 2:13,523,0,2.36931E+16,1796dcb1,你们太偏激缺乏逻辑幼稚了b站越来越低龄了,,55573492
101,,254.528,1,25,16777215,1572342361,10/29/19 4:46,523,0,2.36979E+16,dd6fd33b,自己有权利决定自己的死亡,,55573492
102,,254.045,1,25,16777215,1572344054,10/29/19 5:14,523,0,2.36988E+16,cfbca772,反对,,55573492
103,,232.468,1,25,16777215,1572348133,10/29/19 6:22,523,0,2.37009E+16,90e2fe97,所以安乐死真的没有痛苦吗,,55573492
104,,58.865,1,25,16777215,1572349353,10/29/19 6:42,523,0,2.37016E+16,280d1f93,如果放开安乐死，医院怎么赚钱。死之前把你家底掏空来看病。,,55573492
105,,215.906,1,25,16777215,1572360820,10/29/19 9:53,523,0,2.37076E+16,fd4322b1,谁都不知道人死后去哪里。,,55573492
106,,27.323,1,25,16777215,1572403924,10/29/19 21:52,523,0,2.37302E+16,835ea54a,安乐死贵不贵，我想了解一下,,55573492
107,,61.001,1,25,16777215,1572411829,10/30/19 0:03,524,0,2.37343E+16,b53879e3,暴力！,,55573492
108,,169.181,1,25,16777215,1572411945,10/30/19 0:05,524,0,2.37344E+16,b53879e3,悲催,,55573492
109,,250.852,1,25,16777215,1572413196,10/30/19 0:26,524,0,2.37351E+16,8b357f40,支持,,55573492
110,,252.798,1,25,16777215,1572414304,10/30/19 0:45,524,0,2.37356E+16,e6966ef1,支持,,55573492
111,,247.193,1,25,16777215,1572416146,10/30/19 1:15,524,0,2.37366E+16,976d5b4d,反对安乐死,,55573492
112,,44.145,1,25,16777215,1572421281,10/30/19 2:41,524,0,2.37393E+16,ce75d4d5,但死亡没有幸福，不呼吸只有痛苦,,55573492
113,,211.555,1,25,15772458,1572426180,10/30/19 4:03,524,0,2.37419E+16,2454f2f5,我就想有尊严地死去,,55573492
114,,258.56,1,25,16777215,1572448338,10/30/19 10:12,524,0,2.37535E+16,7eddd527,支持,,55573492
115,,7.096,1,25,16777215,1572452697,10/30/19 11:24,524,0,2.37558E+16,f0520175,贵。。。。。。。。。,,55573492
116,,4.179,1,25,16777215,1572456895,10/30/19 12:34,524,0,2.3758E+16,b3e4de19,换句话说就是不得好死,,55573492
117,,11.099,1,25,15138834,1572456914,10/30/19 12:35,524,0,2.3758E+16,b3e4de19,换句话说就是不得好死，太难了,,55573492
118,,162.359,1,25,15138834,1572457097,10/30/19 12:38,524,0,2.37581E+16,b3e4de19,汉中的，啥时候来看看我们的烂怂大雁塔？,,55573492
119,,166.839,1,25,15138834,1572457130,10/30/19 12:38,524,0,2.37581E+16,b3e4de19,我们的烂怂大雁塔给你们看看,,55573492
120,,177.719,1,25,15138834,1572457145,10/30/19 12:39,524,0,2.37581E+16,b3e4de19,支持安乐死,,55573492
121,,252.519,1,25,15138834,1572457266,10/30/19 12:41,524,0,2.37582E+16,b3e4de19,支持,,55573492
122,,256.499,1,25,15138834,1572457274,10/30/19 12:41,524,0,2.37582E+16,b3e4de19,绝对支持,,55573492
123,,238.599,1,25,15138834,1572457242,10/30/19 12:40,524,0,2.37581E+16,b3e4de19,刚好给你们控制人口了，你们还飘,,55573492
124,,245.879,1,25,15138834,1572457252,10/30/19 12:40,524,0,2.37582E+16,b3e4de19,支持,,55573492
125,,248.359,1,25,15138834,1572457257,10/30/19 12:40,524,0,2.37582E+16,b3e4de19,支持,,55573492
126,,249.514,1,25,16777215,1572475548,10/30/19 17:45,524,0,2.37677E+16,f7860a83,反对,,55573492
127,,190.11,5,25,15138834,1572482660,10/30/19 19:44,524,0,2.37715E+16,ae2e5403,这几个案例都是家人请求,,55573492
128,,231.765,1,25,16777215,1572482788,10/30/19 19:46,524,0,2.37715E+16,e218514a,荷兰多大中国多大？,,55573492
129,,48.201,1,25,16777215,1572484685,10/30/19 20:18,524,0,2.37725E+16,6acf4299,是的，法律不健全人种又聪明容易被安乐死,,55573492
130,,97.448,1,25,16777215,1572491012,10/30/19 22:03,524,0,2.37759E+16,f834f540,我国台湾支持安乐死吧。。,,55573492
131,,211.681,1,25,16777215,1572498237,10/31/19 0:03,525,0,2.37796E+16,55024026,死后都是火化挫骨扬灰有什么尊严可言，可伶可伶,,55573492
132,,253.083,1,25,15138834,1572502331,10/31/19 1:12,525,0,2.37818E+16,4dfd24b9,支持,,55573492
133,,255.658,1,25,16777215,1572504322,10/31/19 1:45,525,0,2.37828E+16,98867325,支持,,55573492
134,,251.043,1,25,6830715,1572509888,10/31/19 3:18,525,0,2.37857E+16,bf4bb4d,被利用的，我反对拒绝安乐死,,55573492
135,,114.087,1,25,16777215,1572513659,10/31/19 4:20,525,0,2.37877E+16,ecc8e4a,像这种情况不如死去更好……,,55573492
136,,228.955,1,25,16777215,1572517912,10/31/19 5:31,525,0,2.379E+16,e7c33174,投鼠忌器？愚昧,,55573492
137,,138.838,1,25,15138834,1572528576,10/31/19 8:29,525,0,2.37955E+16,aecf6ac8,你们说在中国怎么办,,55573492
138,,234.79,1,25,16777215,1572529640,10/31/19 8:47,525,0,2.37961E+16,cf8b390f,到时候啊黑，这些黑，医生，那钱赚的那不是满天飞呀,,55573492
139,,223.19,1,25,16777215,1572529605,10/31/19 8:46,525,0,2.37961E+16,cf8b390f,反对,,55573492
140,,214.158,1,25,16777215,1572539428,10/31/19 11:30,525,0,2.38012E+16,e2040ad1,必须患有不治之症才能安乐死懂吗,,55573492
141,,8.874,1,25,16777215,1572540782,10/31/19 11:53,525,0,2.38019E+16,cad08510,因为死了没有韭菜可以割了,,55573492
142,,246.052,1,25,16777215,1572550269,10/31/19 14:31,525,0,2.38069E+16,cd067af1,支持，强烈支持！,,55573492
143,,255.211,1,25,16777215,1572550278,10/31/19 14:31,525,0,2.38069E+16,cd067af1,支持,,55573492
144,,1.962,1,25,16777215,1572593329,11/1/19 2:28,526,0,2.38295E+16,9dbb72bc,冲鸭,,55573492
145,,6.656,1,25,16777215,1572593344,11/1/19 2:29,526,0,2.38295E+16,9dbb72bc,bgm是原创！,,55573492
146,,129.193,1,25,16777215,1572593485,11/1/19 2:31,526,0,2.38296E+16,9dbb72bc,荷兰666,,55573492
147,,196.973,1,25,16777215,1572600418,11/1/19 4:26,526,0,2.38332E+16,d781f215,求生不得求死不能啊,,55573492
148,,253.909,1,25,16777215,1572618630,11/1/19 9:30,526,0,2.38428E+16,e4b49e7,反对,,55573492
149,,152.524,1,25,16777215,1572623212,11/1/19 10:46,526,0,2.38452E+16,b6145384,汉中人路过,,55573492
150,,245.973,1,25,16777215,1572652246,11/1/19 18:50,526,0,2.38604E+16,5c0a72bf,反对,,55573492
151,,235.797,1,25,16777215,1572652260,11/1/19 18:51,526,0,2.38604E+16,5c0a72bf,反对,,55573492
152,,251.093,1,25,16777215,1572652268,11/1/19 18:51,526,0,2.38604E+16,5c0a72bf,反对,,55573492
153,,252.117,5,25,15138834,1572652292,11/1/19 18:51,526,0,2.38604E+16,5c0a72bf,坚决反对,,55573492
154,,245.547,1,25,16777215,1572653136,11/1/19 19:05,526,0,2.38609E+16,cb3581c3,中立,,55573492
155,,217.921,1,25,16777215,1572659292,11/1/19 20:48,526,0,2.38641E+16,f0993f84,咋，别人有选择的权力，你逼逼个什么劲儿,,55573492
156,,75.117,1,25,16777215,1572665802,11/1/19 22:36,526,0,2.38675E+16,5a52edb8,?,,55573492
157,,42.867,1,25,16777215,1572675545,11/2/19 1:19,527,0,2.38726E+16,20dd1624,安乐死就没法割韭菜了,,55573492
158,,237.821,1,25,16777215,1572676019,11/2/19 1:26,527,0,2.38728E+16,d69eb53b,安乐死的后遗症太大，例如谋杀，“刚好”看着对方太痛苦又带着针药之类，不好说,,55573492
159,,256.064,1,25,16777215,1572676071,11/2/19 1:27,527,0,2.38729E+16,d69eb53b,有点反对,,55573492
160,,254.884,1,25,16777215,1572686145,11/2/19 4:15,527,0,2.38782E+16,b9e8694a,支持,,55573492
161,,225.783,1,25,16777215,1572699961,11/2/19 8:06,527,0,2.38854E+16,a9d2ff7e,蒙药心脑方,,55573492
162,,221.113,5,25,15138834,1572700005,11/2/19 8:06,527,0,2.38854E+16,a9d2ff7e,蒙药心脑方,,55573492
163,,227.243,5,25,15138834,1572699989,11/2/19 8:06,527,0,2.38854E+16,a9d2ff7e,蒙药心脑,,55573492
164,,237.243,1,25,16777215,1572700493,11/2/19 8:14,527,0,2.38857E+16,28131d56,得重病的人都选择安乐死了，还怎么从他们身上赚钱,,55573492
165,,45.998,1,25,16777215,1572701051,11/2/19 8:24,527,0,2.3886E+16,5c77798d,支持安乐死的人等于谋杀,,55573492
166,,255.139,1,25,16777215,1572705919,11/2/19 9:45,527,0,2.38885E+16,a5a91a89,支持,,55573492
167,,249.921,1,25,16777215,1572708855,11/2/19 10:34,527,0,2.38901E+16,4afb2303,限制执行,,55573492
168,,99.081,1,25,16777215,1572724432,11/2/19 14:53,527,0,2.38982E+16,f42c01cc,带孝子,,55573492
169,,30.976,1,25,16777215,1572725314,11/2/19 15:08,527,0,2.38987E+16,14a16ae1,娱乐至死,,55573492
170,,249.941,1,25,16777215,1572745767,11/2/19 20:49,527,0,2.39094E+16,2277895d,我想去死,,55573492
171,,232.653,1,25,16777215,1572765080,11/3/19 1:11,528,0,2.39195E+16,4bcef971,我也这么想，时候未到,,55573492
172,,220.167,1,25,16777215,1572771157,11/3/19 2:52,528,0,2.39227E+16,78e6a7c6,安乐死 支持,,55573492
173,,252.554,1,25,16777215,1572776506,11/3/19 4:21,528,0,2.39255E+16,4c7b7fbe,支持,,55573492
174,,0.151,1,25,16777215,1572776709,11/3/19 4:25,528,0,2.39256E+16,bb8fd434,因为人口会大量减少,,55573492
175,,143.719,1,25,16777215,1572785833,11/3/19 6:57,528,0,2.39304E+16,a559cfa,淹死,,55573492
176,,256.853,1,25,38979,1572791366,11/3/19 8:29,528,0,2.39333E+16,f95a5793,反对反对,,55573492
177,,8.362,1,25,16777215,1572840775,11/3/19 22:12,528,0,2.39592E+16,993f3d03,不应该是euthanasia么,,55573492
178,,61.505,1,25,16777215,1572849883,11/4/19 0:44,529,0,2.3964E+16,63471b78,弹幕禁止养狗,,55573492
179,,115.285,1,25,16777215,1572851086,11/4/19 1:04,529,0,2.39646E+16,5236df9a,如果实在是自己不想活了强行留人家在世上好像也不太道德吧,,55573492
180,,157.057,1,25,16777215,1572853840,11/4/19 1:50,529,0,2.39661E+16,5617be05,你们征求那位母亲本人的同意了吗？,,55573492
181,,82.049,1,25,16777215,1572856047,11/4/19 2:27,529,0,2.39672E+16,6a67b2be,人多情绪会传染，造成不可控,,55573492
182,,201.009,1,25,16777215,1572856260,11/4/19 2:31,529,0,2.39673E+16,6a67b2be,就怕某些不孝安乐死,,55573492
183,,90.021,1,25,16777215,1572857723,11/4/19 2:55,529,0,2.39681E+16,6a67b2be,逃避病痛=死得尊严?,,55573492
184,,15.558,1,25,16777215,1572864356,11/4/19 4:45,529,0,2.39716E+16,78d39ea2,应该就是钱的问题，痛快的死了，谁来赚钱？,,55573492
185,,194.411,1,25,16777215,1572869485,11/4/19 6:11,529,0,2.39743E+16,e11afd8f,家人能代表当事人吗,,55573492
186,,246.959,1,25,16777215,1572874412,11/4/19 7:33,529,0,2.39769E+16,c4a1d5a1,不支持,,55573492
187,,204.561,1,25,16777215,1572878280,11/4/19 8:38,529,0,2.39789E+16,8f09ed41,不是知道保险这种东西吗 安乐死可能就不行了,,55573492
188,,237.426,1,25,16777215,1572878356,11/4/19 8:39,529,0,2.39789E+16,8f09ed41,说的对 很多人都有低谷的时候 安乐死可能是救命稻草一样 。。,,55573492
189,,222.433,1,25,16777215,1572917018,11/4/19 19:23,529,0,2.39992E+16,189655ce,你最好是,,55573492
190,,239.758,1,25,38979,1572918228,11/4/19 19:43,529,0,2.39998E+16,353b29fd,安乐死的前提是忍受巨大痛苦或者不治之症，并不是你不开心就可以去安乐死。,,55573492
191,,204.8,1,25,16777215,1572928424,11/4/19 22:33,529,0,2.40052E+16,b16cd75b,能不能通过 支持安乐死,,55573492
192,,240.678,1,25,16777215,1572952901,11/5/19 5:21,530,0,2.4018E+16,96efbb75,我也认为有被不法利用的可能,,55573492
193,,174.158,1,25,16777215,1572960957,11/5/19 7:35,530,0,2.40222E+16,f88f903e,特殊原因且主动安乐死应当支持,,55573492
194,,248.398,1,25,16777215,1572961041,11/5/19 7:37,530,0,2.40223E+16,f88f903e,支持,,55573492
195,,92.741,1,25,16777215,1572997134,11/5/19 17:38,530,0,2.40412E+16,4f9738e8,锡兰,,55573492
196,,238.978,1,25,16777215,1573011909,11/5/19 21:45,530,0,2.4049E+16,4c9e38cf,有安乐死我就去死了,,55573492
197,,154.806,5,25,15138834,1573014668,11/5/19 22:31,530,0,2.40504E+16,fc830a9d,好人啊！,,55573492
198,,198.997,1,25,16777215,1573016876,11/5/19 23:07,530,0,2.40516E+16,2853026d,河南？,,55573492
199,,162.132,1,25,16777215,1573025959,11/6/19 1:39,531,0,2.40563E+16,3048e54a,陕西汉中略阳人再次,,55573492
200,,258.56,1,25,16777215,1573056828,11/6/19 10:13,531,0,2.40725E+16,d3a11f0e,合法化快点吧，许多人生不如死,,55573492
201,,249.615,1,25,16777215,1573109398,11/7/19 0:49,532,0,2.41001E+16,8ea4f945,支持,,55573492
202,,245.907,1,25,16777215,1573124836,11/7/19 5:07,532,0,2.41082E+16,abdef5e3,所有生物都应该有选择生死的权利,,55573492
203,,258.56,1,25,16777215,1573126040,11/7/19 5:27,532,0,2.41088E+16,d398cfe2,合法化最好把,,55573492
204,,47.827,1,25,16777215,1573126148,11/7/19 5:29,532,0,2.41088E+16,2e8699e0,逃出杀戮营地？,,55573492
205,,224.508,1,25,16777215,1573126530,11/7/19 5:35,532,0,2.4109E+16,c29c7f20,我也想,,55573492
206,,58.143,1,25,16777215,1573135631,11/7/19 8:07,532,0,2.41138E+16,10d0137b,前面的吃安眠药死很痛苦的好吗,,55573492
207,,214.46,1,25,16777215,1573135856,11/7/19 8:10,532,0,2.41139E+16,10d0137b,不理解反对的人。。。你不想死你就别死干嘛阻止别人安安乐乐的去死啊,,55573492
208,,256.596,1,25,16777215,1573141518,11/7/19 9:45,532,0,2.41169E+16,f5cb379,支持,,55573492
209,,174.506,1,25,16777215,1573176253,11/7/19 19:24,532,0,2.41351E+16,3964d931,心疼医生,,55573492
210,,245.184,1,25,16777215,1573176335,11/7/19 19:25,532,0,2.41352E+16,3964d931,支持,,55573492
211,,253.568,1,25,16777215,1573179322,11/7/19 20:15,532,0,2.41367E+16,90139f53,坚决支持,,55573492
212,,236.658,1,25,16777215,1573190100,11/7/19 23:15,532,0,2.41424E+16,604f5936,如果执行安乐死的机构由zf管控呢？,,55573492
213,,248.881,1,25,16777215,1573192811,11/8/19 0:00,533,0,2.41438E+16,5fb4e48,我反对,,55573492
214,,196.077,1,25,16777215,1573198179,11/8/19 1:29,533,0,2.41466E+16,57de0439,我不支持,,55573492
215,,251.65,1,25,16777215,1573198244,11/8/19 1:30,533,0,2.41466E+16,57de0439,反对,,55573492
216,,13.838,1,25,16777215,1573200429,11/8/19 2:07,533,0,2.41478E+16,bd93600a,要养国家,,55573492
217,,2.412,1,25,16777215,1573201724,11/8/19 2:28,533,0,2.41485E+16,5dbc4c2e,支持,,55573492
218,,254.065,1,25,16777215,1573207564,11/8/19 4:06,533,0,2.41515E+16,409dfb,支持,,55573492
219,,253.685,1,25,16777215,1573210182,11/8/19 4:49,533,0,2.41529E+16,d6137826,支持,,55573492
220,,220.416,1,25,16777215,1573213008,11/8/19 5:36,533,0,2.41544E+16,78e7ed9f,14亿哪,,55573492
221,,199.902,1,25,16777215,1573221729,11/8/19 8:02,533,0,2.4159E+16,501d60ef,连死的权利都没有？,,55573492
222,,154.088,1,25,16777215,1573225795,11/8/19 9:09,533,0,2.41611E+16,6e77a9d1,烧炭比较不痛苦,,55573492
223,,223.202,1,25,16777215,1573225864,11/8/19 9:11,533,0,2.41611E+16,6e77a9d1,快快实行,,55573492
224,,258.56,1,25,16777215,1573228102,11/8/19 9:48,533,0,2.41623E+16,f85d5e9b,老子要杀了他,,55573492
225,,245.23,1,25,16777215,1573245335,11/8/19 14:35,533,0,2.41713E+16,d9164d94,允许性格孱弱的人有尊严的死去，把资源让给意志坚定的人。,,55573492
226,,43.059,1,25,16777215,1573264548,11/8/19 19:55,533,0,2.41814E+16,5445c079,现在计划生育，就怕以后计划安乐死……还是别开先河,,55573492
227,,256.158,1,25,16777215,1573265650,11/8/19 20:14,533,0,2.4182E+16,3faa02e0,支持,,55573492
228,,252.057,1,25,16777215,1573268382,11/8/19 20:59,533,0,2.41834E+16,eb11602,支持,,55573492
229,,252.798,1,25,16777215,1573271029,11/8/19 21:43,533,0,2.41848E+16,669cda4d,我支持，因为我死的时候我希望是安乐死。,,55573492
230,,198.963,1,25,16777215,1573276075,11/8/19 23:07,533,0,2.41875E+16,a134bc92,不要家属决定，要患者自己决定,,55573492
231,,248.442,1,25,15138834,1573276150,11/8/19 23:09,533,0,2.41875E+16,a134bc92,反对,,55573492
232,,249.068,1,25,16777215,1573281874,11/9/19 0:44,534,0,2.41905E+16,72dbca5f,支持,,55573492
233,,242.653,1,25,16777215,1573302939,11/9/19 6:35,534,0,2.42015E+16,5c746bca,反对,,55573492
234,,250.674,1,25,16777215,1573302947,11/9/19 6:35,534,0,2.42015E+16,5c746bca,反对,,55573492
235,,253.994,1,25,16777215,1573302923,11/9/19 6:35,534,0,2.42015E+16,5c746bca,反对,,55573492
236,,182.958,1,25,16777215,1573306885,11/9/19 7:41,534,0,2.42036E+16,3.78E+73,因为这几年没工作丢了一百万工资,,55573492
237,,254.034,1,25,16777215,1573309513,11/9/19 8:25,534,0,2.4205E+16,5f38ef94,支持,,55573492
238,,217.759,1,25,16777215,1573326754,11/9/19 13:12,534,0,2.4214E+16,5dd5bd1a,支持安乐死,,55573492
239,,248.06,1,25,16777215,1573333610,11/9/19 15:06,534,0,2.42176E+16,62c257fa,反对,,55573492
240,,236.645,1,25,16777215,1573338139,11/9/19 16:22,534,0,2.422E+16,bb190d22,部分地区先试行呗,,55573492
241,,249.514,1,25,16777215,1573339948,11/9/19 16:52,534,0,2.42209E+16,15353223,支持,,55573492
242,,249.46,1,25,16777215,1573341786,11/9/19 17:23,534,0,2.42219E+16,7e584ba5,规定一下年龄就好了,,55573492
243,,259,1,25,16777215,1573347096,11/9/19 18:51,534,0,2.42247E+16,18a56cad,人是没有权利放弃自己的生命的,,55573492
244,,41.278,1,25,16777215,1573348295,11/9/19 19:11,534,0,2.42253E+16,27918a53,我支持,,55573492
245,,256.441,5,25,16777215,1573352994,11/9/19 20:29,534,0,2.42278E+16,98e80d5,支持~但要严谨,,55573492
246,,155.436,1,25,16777215,1573373325,11/10/19 2:08,535,0,2.42384E+16,6ba62c6f,汉台区围观,,55573492
247,,250.521,1,25,16777215,1573380626,11/10/19 4:10,535,0,2.42423E+16,2fa080be,反对,,55573492
248,,248.819,1,25,16777215,1573385079,11/10/19 5:24,535,0,2.42446E+16,2404c750,支持,,55573492
249,,57.325,1,25,16777215,1573387959,11/10/19 6:12,535,0,2.42461E+16,564943f7,暴力,,55573492
250,,19.331,1,25,16777215,1573397953,11/10/19 8:59,535,0,2.42513E+16,990f04e,为啥要安乐死？,,55573492
251,,64.852,1,25,16777215,1573445625,11/10/19 22:13,535,0,2.42763E+16,d620c25a,脑死亡的患者怎么表达自己意愿呢……,,55573492
252,,231.722,1,25,16777215,1573461473,11/11/19 2:37,536,0,2.42847E+16,57227137,抑郁症患者也想有尊严的死,,55573492
253,,248.819,1,25,16777215,1573472599,11/11/19 5:43,536,0,2.42905E+16,6e861372,反对,,55573492
254,,253.701,1,25,16777215,1573477426,11/11/19 7:03,536,0,2.4293E+16,116ecf7d,反对,,55573492
255,,248.661,1,25,16777215,1573477477,11/11/19 7:04,536,0,2.4293E+16,a1571275,限制也是一种保护,,55573492
256,,253.506,1,25,16777215,1573483212,11/11/19 8:40,536,0,2.4296E+16,41461eed,反对,,55573492
257,,232.653,1,25,16777215,1573490849,11/11/19 10:47,536,0,2.43001E+16,d90e9d5a,可以支持消极安乐死啊,,55573492
258,,60.1,1,25,16777215,1573523898,11/11/19 19:58,536,0,2.43174E+16,d1093c28,愿实行安乐死,,55573492
259,,231.118,1,25,16777215,1573523994,11/11/19 19:59,536,0,2.43174E+16,d1093c28,带孝子安乐死,,55573492
260,,209.92,1,25,16777215,1573549909,11/12/19 3:11,537,0,2.4331E+16,b9a14d70,不可能通过，通过医院收入减少，触动利益集团,,55573492
261,,252.927,1,25,16777215,1573551726,11/12/19 3:42,537,0,2.4332E+16,63372c84,支持,,55573492
262,,217.284,1,25,16777215,1573560113,11/12/19 6:01,537,0,2.43364E+16,c53991eb,同意安乐死,,55573492
263,,207.063,1,25,16777215,1573573279,11/12/19 9:41,537,0,2.43433E+16,dc823488,支持支持支持,,55573492
264,,143.701,1,25,16777215,1573573782,11/12/19 9:49,537,0,2.43435E+16,ada24ee8,我就是汉中的诶,,55573492
265,,253.782,1,25,16777215,1573576470,11/12/19 10:34,537,0,2.43449E+16,e005372c,支持,,55573492
266,,253.315,1,25,16777215,1573635145,11/13/19 2:52,538,0,2.43757E+16,94935568,支持,,55573492
267,,178.778,1,25,16777215,1573641501,11/13/19 4:38,538,0,2.4379E+16,9561817f,可怜什么，法律不允许的，给你无罪已经算好了,,55573492
268,,244.538,4,25,16777215,1573641604,11/13/19 4:40,538,0,2.43791E+16,9561817f,坐着看,,55573492
269,,12.595,1,25,16777215,1573644643,11/13/19 5:30,538,0,2.43807E+16,6181c2f9,安乐死很痛苦的,,55573492
270,,91.904,1,25,16777215,1573651779,11/13/19 7:29,538,0,2.43844E+16,20ff5f87,？医生忙死忙活每个月工资也就那么点，破站怎么来了这么多不明是非的人了？,,55573492
271,,251.357,1,25,16777215,1573651917,11/13/19 7:31,538,0,2.43845E+16,e40ae6c0,相对支持,,55573492
272,,246.849,1,25,16777215,1573653768,11/13/19 8:02,538,0,2.43855E+16,6f4a2a09,一斤鸭梨,,55573492
273,,92.759,1,25,16777215,1573696681,11/13/19 19:58,538,0,2.4408E+16,24105c03,瑞士可以安乐死吧，有一个去就是喝药死的,,55573492
274,,12.032,5,25,16707842,1573708909,11/13/19 23:21,538,0,2.44144E+16,2066d2f3,因为没得选,,55573492
275,,32.768,5,25,16707842,1573709010,11/13/19 23:23,538,0,2.44144E+16,2066d2f3,有的选的话 大概中国会蒸发一半人口以上,,55573492
276,,52.259,1,25,16777215,1573724597,11/14/19 3:43,539,0,2.44226E+16,3a542631,万一还能活呢,,55573492
277,,247.779,1,25,16777215,1573724796,11/14/19 3:46,539,0,2.44227E+16,3a542631,中立,,55573492
278,,217.29,1,25,16777215,1573730402,11/14/19 5:20,539,0,2.44256E+16,dda35a8c,难道就应该还没立法先搞做嘛,,55573492
279,,134.181,1,25,16777215,1573730820,11/14/19 5:27,539,0,2.44259E+16,95c1e2af,三体。。？,,55573492
280,,148.238,1,25,16777215,1573735106,11/14/19 6:38,539,0,2.44281E+16,8ac4960c,我大四川的土地,,55573492
281,,117.153,1,25,16777215,1573737200,11/14/19 7:13,539,0,2.44292E+16,b16dddb3,天主教不是西方的本,,55573492
282,,242.253,1,25,16777215,1573738439,11/14/19 7:33,539,0,2.44299E+16,f4b19f86,成立安乐死审查执行委员会，进行严格的审查，并且慎重执行。,,55573492
283,,166.259,1,25,16777215,1573739868,11/14/19 7:57,539,0,2.44306E+16,f4b19f86,人连自己的生死都无法决定吗？,,55573492
284,,60.921,1,25,16707842,1573756054,11/14/19 12:27,539,0,2.44391E+16,376d865c,想死与否不需要你来定义,,55573492
285,,250.771,5,25,16777215,1573777049,11/14/19 18:17,539,0,2.44501E+16,a7cbb7e6,主要是中国太大了   什么特殊情况都会出现,,55573492
286,,117.681,1,25,16777215,1573792182,11/14/19 22:29,539,0,2.4458E+16,b3ef001b,法不容情,,55573492
287,,252.178,1,25,16777215,1573798112,11/15/19 0:08,540,0,2.44611E+16,bd128c72,支持,,55573492
288,,226.582,1,25,16777215,1573804734,11/15/19 1:58,540,0,2.44646E+16,5e1c78eb,一病返贫...,,55573492
289,,147.357,1,25,16777215,1573823438,11/15/19 7:10,540,0,2.44744E+16,357e4ad2,wow我也是陕西的,,55573492
290,,198.495,1,25,16777215,1573823489,11/15/19 7:11,540,0,2.44745E+16,357e4ad2,医生挺好,,55573492
291,,243.821,1,25,16777215,1573823534,11/15/19 7:12,540,0,2.44745E+16,357e4ad2,都好有道理,,55573492
292,,48.621,1,25,16777215,1573833265,11/15/19 9:54,540,0,2.44796E+16,813e9f9a,抑郁症算吗？,,55573492
293,,13.148,1,25,16777215,1573834466,11/15/19 10:14,540,0,2.44802E+16,64399772,我愿意,,55573492
294,,238.752,1,25,16777215,1573841012,11/15/19 12:03,540,0,2.44836E+16,60840a5f,安乐死医院还怎么赚钱,,55573492
295,,199.284,1,25,16777215,1573848890,11/15/19 14:14,540,0,2.44878E+16,ca221143,生没权利 死更没权利,,55573492
296,,241.039,5,25,15138834,1573862270,11/15/19 17:57,540,0,2.44948E+16,b9e38f77,我tm凭什么不能死？你的意思我的命你们的？,,55573492
297,,44.456,1,25,16777215,1573864950,11/15/19 18:42,540,0,2.44962E+16,a726fa7b,支持,,55573492
298,,11.914,1,25,16777215,1573883843,11/15/19 23:57,540,0,2.45061E+16,93604f8e,不想花钱,,55573492
299,,141.323,1,25,16777215,1573916334,11/16/19 8:58,541,0,2.45231E+16,ad6a697e,河南,,55573492
300,,229.445,1,25,16777215,1573916422,11/16/19 9:00,541,0,2.45232E+16,ad6a697e,榨干,,55573492
301,,217.501,1,25,16777215,1573916410,11/16/19 9:00,541,0,2.45232E+16,ad6a697e,韭菜,,55573492
302,,259,1,25,16777215,1573927590,11/16/19 12:06,541,0,2.4529E+16,9dfc72b0,支持安乐死，合法化,,55573492
303,,221.059,5,25,8700107,1573968659,11/16/19 23:30,541,0,2.45506E+16,a6b17c3f,安乐死应该是为想死去而无法自杀的人实施的（个人认为想死不需要理由）,,55573492
304,,190.382,1,25,16777215,1573973749,11/17/19 0:55,542,0,2.45532E+16,6bd21588,很发展中国家,,55573492
305,,143.158,1,25,16777215,1574002362,11/17/19 8:52,542,0,2.45682E+16,b81995d0,别怕死，一点都不疼，眨眼的功夫,,55573492
306,,253.696,1,25,16777215,1574070658,11/18/19 3:50,543,0,2.4604E+16,bfa26063,我反对,,55573492
307,,7.977,5,25,16707842,1574137863,11/18/19 22:31,543,0,2.46393E+16,4981b09b,因为安乐死法案是为了云天明通过的～没云天明自然不能安乐死,,55573492
308,,222.385,1,25,16777215,1574146612,11/19/19 0:56,544,0,2.46439E+16,26d4c72,医生救死扶伤个屁，花钱卖命又不是对方施舍,,55573492
309,,25.045,1,25,16777215,1574152061,11/19/19 2:27,544,0,2.46467E+16,81787d61,安乐死？不仅容易被人利用，而且想起来也不是太乐观吧？,,55573492
310,,175.24,1,25,16777215,1574163139,11/19/19 5:32,544,0,2.46525E+16,a72110c7,外国还被判死缓了呢。。别就卧槽啊,,55573492
311,,218.342,1,25,16777215,1574163196,11/19/19 5:33,544,0,2.46526E+16,a72110c7,我反对。。真的环境不行,,55573492
312,,251.891,1,25,16777215,1574228547,11/19/19 23:42,544,0,2.46868E+16,43398d81,反对,,55573492
313,,85.196,1,25,16777215,1574246697,11/20/19 4:44,545,0,2.46963E+16,274dc35e,用巴雷特打针吧,,55573492
314,,208.128,1,25,16777215,1574305188,11/20/19 20:59,545,0,2.4727E+16,f70cb50f,不能选择出生，但应有权选择死亡，有些时候活着真是折磨,,55573492
315,,259,1,25,16777215,1574305245,11/20/19 21:00,545,0,2.4727E+16,f70cb50f,zhich支持,,55573492
316,,37.681,1,25,16777215,1574310956,11/20/19 22:35,545,0,2.473E+16,894e380b,我想安乐死,,55573492
317,,32.561,1,25,16777215,1574310940,11/20/19 22:35,545,0,2.473E+16,894e380b,我也想,,55573492
318,,225.77,1,25,16777215,1574311039,11/20/19 22:37,545,0,2.47301E+16,e896721d,我反对,,55573492
319,,253.208,1,25,16777215,1574311066,11/20/19 22:37,545,0,2.47301E+16,e896721d,我反对,,55573492
320,,13.177,1,25,16777215,1574320211,11/21/19 1:10,546,0,2.47349E+16,678746bf,支持,,55573492
321,,99.628,1,25,16777215,1574320817,11/21/19 1:20,546,0,2.47352E+16,4b517f7a,我在比利时,,55573492
322,,247.125,1,25,16777215,1574335782,11/21/19 5:29,546,0,2.4743E+16,ee0765cd,支持,,55573492
323,,41.255,1,25,16777215,1574343109,11/21/19 7:31,546,0,2.47469E+16,7dd5523a,挡了字幕你们就听不懂了吗,,55573492
324,,89.77,1,25,16777215,1574381644,11/21/19 18:14,546,0,2.47671E+16,fe242231,瑞典瑞士都没有列入可见up资料很不严谨,,55573492
325,,26.294,1,25,16777215,1574421654,11/22/19 5:20,547,0,2.47881E+16,fd5a4e30,我希望有这个选择,,55573492
326,,119.822,1,25,16777215,1574427855,11/22/19 7:04,547,0,2.47913E+16,ac948a8d,支持,,55573492
327,,18.179,1,25,16777215,1574434538,11/22/19 8:55,547,0,2.47948E+16,3f2c427c,我不想死,,55573492
328,,252.434,1,25,16777215,1574434794,11/22/19 8:59,547,0,2.4795E+16,3f2c427c,支持,,55573492
329,,252.142,1,25,16777215,1574438572,11/22/19 10:02,547,0,2.47969E+16,3f604261,支持,,55573492
330,,257.954,1,25,16777215,1574447098,11/22/19 12:24,547,0,2.48014E+16,2234774,支持！！！,,55573492
331,,251.927,1,25,16777215,1574476101,11/22/19 20:28,547,0,2.48166E+16,52f3a0c6,支持,,55573492
332,,246.187,1,25,16777215,1574491507,11/23/19 0:45,548,0,2.48247E+16,beaf70c5,中立,,55573492
333,,72.533,1,25,16777215,1574502809,11/23/19 3:53,548,0,2.48306E+16,47f43845,医院都是消极,,55573492
334,,252.534,1,25,16777215,1574505761,11/23/19 4:42,548,0,2.48322E+16,d38f1c3f,支持,,55573492
335,,227.541,1,25,16777215,1574518553,11/23/19 8:15,548,0,2.48389E+16,6b27ab27,？,,55573492
336,,38.094,1,25,16777215,1574524036,11/23/19 9:47,548,0,2.48417E+16,d894a4ab,因为90后才30,,55573492
337,,6.998,1,25,16777215,1574583681,11/24/19 2:21,549,0,2.4873E+16,993ba9b7,高利贷的人逼你签安乐死协议，你无法证明自己是否自愿因为你已经死了,,55573492
338,,204.041,1,25,16777215,1574585074,11/24/19 2:44,549,0,2.48737E+16,459bd96b,支持安乐死,,55573492
339,,250.605,1,25,16777215,1574601617,11/24/19 7:20,549,0,2.48824E+16,8150bb70,支持,,55573492
340,,256.17,1,25,16777215,1574602601,11/24/19 7:36,549,0,2.48829E+16,32c79bde,支持,,55573492
341,,6.661,1,25,16777215,1574618743,11/24/19 12:05,549,0,2.48914E+16,77345d60,我觉得任何死都很疼。所以不敢死,,55573492
342,,96.591,1,25,16777215,1574635945,11/24/19 16:52,549,0,2.49004E+16,1a304daa,毕竟少,,55573492
343,,255.53,1,25,16777215,1574637048,11/24/19 17:10,549,0,2.4901E+16,d3c1e9e9,安乐死条件吧，只有重病才能,,55573492
344,,239.258,1,25,16777215,1574640573,11/24/19 18:09,549,0,2.49028E+16,e01bf55f,我来一针,,55573492
345,,251.349,1,25,16777215,1574640585,11/24/19 18:09,549,0,2.49028E+16,e01bf55f,先来一针,,55573492
346,,188.795,1,25,16777215,1574654621,11/24/19 22:03,549,0,2.49102E+16,c1cfcd21,我爸朋友的父亲就是病痛折磨最后跳河自尽的……唉,,55573492
347,,19.838,1,25,16777215,1574654960,11/24/19 22:09,549,0,2.49104E+16,9c3bd60c,因为医院可以赚更多的黑钱哈哈哈,,55573492
348,,2.384,1,25,16777215,1574672139,11/25/19 2:55,550,0,2.49194E+16,57525c,当然不行了！,,55573492
349,,247.121,1,25,16777215,1574678542,11/25/19 4:42,550,0,2.49227E+16,da626c04,真的到了那时候，我想有尊严的离开。,,55573492
350,,152.859,1,25,16777215,1574681131,11/25/19 5:25,550,0,2.49241E+16,62be4ca1,汉中人惊了,,55573492
351,,244.515,1,25,16777215,1574684331,11/25/19 6:18,550,0,2.49258E+16,afe8e146,你们反对有个屁用？？？？？,,55573492
352,,49.205,1,25,16777215,1574688294,11/25/19 7:24,550,0,2.49279E+16,9efc249f,当然支持 明知道救不好又花钱又痛苦 ,,55573492
353,,254.708,1,25,16777215,1574751423,11/26/19 0:57,551,0,2.4961E+16,31eadbb9,支持,,55573492
354,,94.341,1,25,16777215,1574761451,11/26/19 3:44,551,0,2.49662E+16,f68de2dd,做不积极治疗等同消极安乐死,,55573492
355,,88.141,1,25,16777215,1574761419,11/26/19 3:43,551,0,2.49662E+16,f68de2dd,还没十个，不用聊了,,55573492
356,,251.527,1,25,16777215,1574768491,11/26/19 5:41,551,0,2.49699E+16,a7c7d51b,支持,,55573492
357,,99.405,5,25,15138834,1574768994,11/26/19 5:49,551,0,2.49702E+16,3f93d1d3,请屏蔽关键词：带孝子,,55573492
358,,254.966,1,25,16777215,1574773159,11/26/19 6:59,551,0,2.49724E+16,7515408d,自己难道没有选择死亡的权利吗？,,55573492
359,,77.714,1,25,16777215,1574781320,11/26/19 9:15,551,0,2.49766E+16,c23162e4,呵呵你连剖腹产顺产都做不主,,55573492
360,,10.158,1,25,16777215,1574815970,11/26/19 18:52,551,0,2.49948E+16,5199f5db,因为打扰医院赚钱,,55573492
361,,6.998,1,25,16777215,1574815955,11/26/19 18:52,551,0,2.49948E+16,5199f5db,因为打扰医院赚钱,,55573492
362,,247.821,1,25,16777215,1574824007,11/26/19 21:06,551,0,2.4999E+16,678f397d,我没有资格支持或者反对，因为我还经历过相应的情况,,55573492
363,,251.113,1,25,16777215,1574826301,11/26/19 21:45,551,0,2.50002E+16,ea46d97a,支持,,55573492
364,,30.961,1,25,16777215,1574829964,11/26/19 22:46,551,0,2.50021E+16,610ae153,我想 我可以,,55573492
365,,49.341,1,25,16777215,1574830000,11/26/19 22:46,551,0,2.50022E+16,610ae153,为什么呢  我不能有选择安乐死的能力,,55573492
366,,254.317,1,25,16777215,1574834141,11/26/19 23:55,551,0,2.50043E+16,f2a52b92,钱不花完不准死,,55573492
367,,35.219,1,25,16777215,1574838573,11/27/19 1:09,552,0,2.50066E+16,1d7061d9,我希望我安乐死,,55573492
368,,245.799,1,25,15138834,1574847459,11/27/19 3:37,552,0,2.50113E+16,16de67f6,支持,,55573492
369,,247.371,1,25,16777215,1574858567,11/27/19 6:42,552,0,2.50171E+16,c09c455c,支持,,55573492
370,,3.081,1,25,16777215,1574859770,11/27/19 7:02,552,0,2.50178E+16,78d88515,这么舒服就让你死了 那国家岂不是亏了 老实点 好好回去当社畜 当韭菜 表现好了可能会赏你一次安乐死的机会,,55573492
371,,42.321,1,25,16777215,1574866068,11/27/19 8:47,552,0,2.50211E+16,786b897f,我要安乐死！,,55573492
372,,255.192,1,25,16777215,1574880114,11/27/19 12:41,552,0,2.50284E+16,b478066c,反对,,55573492
373,,16.714,1,25,16777215,1574881308,11/27/19 13:01,552,0,2.50291E+16,5c006cab,打针喽,,55573492
374,,248.638,1,25,16777215,1574916805,11/27/19 22:53,552,0,2.50477E+16,427e7622,反对,,55573492
375,,253.332,1,25,16777215,1574936281,11/28/19 4:18,553,0,2.50579E+16,ec293d4c,我支持,,55573492
376,,250.451,1,25,16777215,1574944828,11/28/19 6:40,553,0,2.50624E+16,b1613f69,支持,,55573492
377,,255.518,1,25,16777215,1574945903,11/28/19 6:58,553,0,2.50629E+16,358da93f,支持,,55573492
378,,258.56,1,25,16777215,1574961001,11/28/19 11:10,553,0,2.50708E+16,731c3972,支持，如果我得了很贵的病或者不好治愈我宁愿安乐死不拖累家人,,55573492
379,,251.435,1,25,16777215,1574983654,11/28/19 17:27,553,0,2.50827E+16,2d7c67e7,反对,,55573492
380,,24.155,5,25,16765698,1575012758,11/29/19 1:32,554,0,2.5098E+16,e0e2f4de,他声音好听,,55573492
381,,253.033,1,25,16707842,1575017913,11/29/19 2:58,554,0,2.51007E+16,f4ea60a5,反对,,55573492
382,,257.791,1,25,16777215,1575024665,11/29/19 4:51,554,0,2.51042E+16,a6834fae,反对,,55573492
383,,247.761,1,25,16777215,1575024682,11/29/19 4:51,554,0,2.51042E+16,a6834fae,反对,,55573492
384,,251.304,1,25,16777215,1575029623,11/29/19 6:13,554,0,2.51068E+16,2c60008e,同意安乐死(ღ˘⌣˘ღ),,55573492
385,,249.274,1,25,16777215,1575034311,11/29/19 7:31,554,0,2.51093E+16,ccfee229,躺着看,,55573492
386,,8.693,1,25,16777215,1575037974,11/29/19 8:32,554,0,2.51112E+16,267a1346,我能,,55573492
387,,163.529,1,25,16777215,1575038727,11/29/19 8:45,554,0,2.51116E+16,3c320445,我是汉中勉县的,,55573492
388,,149.517,1,25,16777215,1575038713,11/29/19 8:45,554,0,2.51116E+16,3c320445,我也是汉中的...,,55573492
389,,258.56,1,25,16777215,1575069834,11/29/19 17:23,554,0,2.51279E+16,45432354,支持,,55573492
390,,215.801,1,25,16777215,1575090774,11/29/19 23:12,554,0,2.51389E+16,9f89cccc,有尊严的活着都没有办到,,55573492
391,,228.114,1,25,16777215,1575095408,11/30/19 0:30,555,0,2.51413E+16,bf85bb49,体面有尊严的幸福生活,,55573492
392,,245.315,1,25,14811775,1575099639,11/30/19 1:40,555,0,2.51435E+16,c1fa242f,我支持，但需谨慎。,,55573492
393,,253.521,1,25,16777215,1575113472,11/30/19 5:31,555,0,2.51508E+16,cc2d741d,我反对,,55573492
394,,258.56,1,25,16777215,1575113543,11/30/19 5:32,555,0,2.51508E+16,7dd3e388,不管别人怎么样，我希望我将来如果重病可以选择安乐死,,55573492
395,,204.585,1,25,16777215,1575116884,11/30/19 6:28,555,0,2.51526E+16,f930b614,能不撕逼了吗？,,55573492
396,,1.44,1,25,16777215,1575119705,11/30/19 7:15,555,0,2.5154E+16,a117266f,会有大量人求死,,55573492
397,,258.56,1,25,16777215,1575134455,11/30/19 11:20,555,0,2.51618E+16,a3d8a1e4,真的有安乐死我支持  活着太累,,55573492
398,,255.918,1,25,16777215,1575158364,11/30/19 17:59,555,0,2.51743E+16,6be8112f,支持,,55573492
399,,251.989,1,25,15138834,1575168529,11/30/19 20:48,555,0,2.51796E+16,7cca832b,坚决支持！！,,55573492
400,,249.562,1,25,16777215,1575168929,11/30/19 20:55,555,0,2.51799E+16,ce20806a,支持,,55573492
401,,94.618,1,25,16777215,1575172882,11/30/19 22:01,555,0,2.51819E+16,aa2a8a5e,支持安乐死,,55573492
402,,200.968,5,25,16777215,1575173635,11/30/19 22:13,555,0,2.51823E+16,5b5eef2a,沙雕，他们知道这样会有很多人回去安乐死，当你们当她们的赚钱工具呢,,55573492
403,,252.131,1,25,16777215,1575175107,11/30/19 22:38,555,0,2.51831E+16,614a907f,支持,,55573492
404,,205.398,1,25,16777215,1575180744,12/1/19 0:12,556,0,2.5186E+16,c1baa143,为了打黑,,55573492
405,,210.038,1,25,16777215,1575180754,12/1/19 0:12,556,0,2.51861E+16,c1baa143,为了打黑,,55573492
406,,213.578,1,25,16777215,1575180767,12/1/19 0:12,556,0,2.51861E+16,c1baa143,为了打 黑,,55573492
407,,7.281,1,25,16777215,1575182421,12/1/19 0:40,556,0,2.51869E+16,3f031dc1,人不能拥有放弃字由的字由,,55573492
408,,247.625,1,25,16777215,1575183472,12/1/19 0:57,556,0,2.51875E+16,8c91e281,支持,,55573492
409,,198.3,1,25,16777215,1575183968,12/1/19 1:06,556,0,2.51877E+16,ffa05ed4,我支持,,55573492
410,,251.326,1,25,16777215,1575184022,12/1/19 1:07,556,0,2.51878E+16,ffa05ed4,支持,,55573492
411,,182.356,1,25,16777215,1575186077,12/1/19 1:41,556,0,2.51888E+16,4b1e0977,我外公就是半夏中毒，一两个月没吃东西又不能安乐死最后跳楼的,,55573492
412,,101.643,1,25,16777215,1575190910,12/1/19 3:01,556,0,2.51914E+16,f4ed092c,的确是孝顺啊，虽然是杀自己妈，但是你想自己妈天天很痛苦吗,,55573492
413,,159.26,1,25,16777215,1575190969,12/1/19 3:02,556,0,2.51914E+16,f4ed092c,但是不合法啊,,55573492
414,,200.293,1,25,16777215,1575191010,12/1/19 3:03,556,0,2.51914E+16,f4ed092c,必须本人同意,,55573492
415,,245.233,4,25,16646914,1575191084,12/1/19 3:04,556,0,2.51915E+16,f4ed092c,一定要身患绝症非常痛苦，且要政府国家严格管控,,55573492
416,,250.118,5,25,15138834,1575195440,12/1/19 4:17,556,0,2.51938E+16,9b0e6ea5,支持！！真的炒鸡支持阿阿阿啊啊,,55573492
417,,248.917,1,25,41194,1575204287,12/1/19 6:44,556,0,2.51984E+16,cde80d9d,支持,,55573492
418,,61.297,5,25,16777215,1575259836,12/1/19 22:10,556,0,2.52275E+16,f25a192c,这个眼镜？……,,55573492
419,,245.001,1,25,16777215,1575281891,12/2/19 4:18,557,0,2.52391E+16,b57779c6,支持,,55573492
420,,255.821,1,25,16777215,1575281910,12/2/19 4:18,557,0,2.52391E+16,b57779c6,支持,,55573492
421,,247.159,1,25,16707842,1575299724,12/2/19 9:15,557,0,2.52484E+16,3fa6506d,应该支持消极安乐死，禁止积极安乐死,,55573492
422,,252.416,1,25,16777215,1575309231,12/2/19 11:53,557,0,2.52534E+16,189bf767,反对,,55573492
423,,49.291,1,25,16777215,1575344111,12/2/19 21:35,557,0,2.52717E+16,7027af94,痛苦死,,55573492
424,,239.558,1,25,16707842,1575345933,12/2/19 22:05,557,0,2.52727E+16,ebf70c9c,中国人多，现在网络又这么发达，什么人都有，很多国外可以做的事情，中国肯定做不了的,,55573492
425,,247.33,1,25,16777215,1575353333,12/3/19 0:08,558,0,2.52765E+16,b9655914,我想去死,,55573492
426,,180.359,1,25,16646914,1575361005,12/3/19 2:16,558,0,2.52806E+16,fdc219d3,如果一个人被以安乐死的名义谋杀他人，无罪释放，你可以接收吗？？！！一群神经病弹幕,,55573492
427,,235.902,5,25,16777215,1575368737,12/3/19 4:25,558,0,2.52846E+16,1cf7a637,死刑犯的注射算安乐死吗,,55573492
428,,258.56,1,25,16777215,1575369292,12/3/19 4:34,558,0,2.52849E+16,b9050a64,支持,,55573492
429,,44.945,1,25,16777215,1575371525,12/3/19 5:12,558,0,2.52861E+16,ff5f7e54,随便就死了羊毛哪来？,,55573492
430,,249.969,1,25,16777215,1575372246,12/3/19 5:24,558,0,2.52864E+16,26a3da36,自己不能动了吗？,,55573492
431,,249.088,1,25,15138834,1575376209,12/3/19 6:30,558,0,2.52885E+16,9c404983,死也要有尊严！！！（支持红）,,55573492
432,,115.123,1,25,16777215,1575379942,12/3/19 7:32,558,0,2.52905E+16,d207c880,只要还有机会就不要放弃,,55573492
433,,252.885,1,25,16777215,1575437494,12/3/19 23:31,558,0,2.53207E+16,790e3bdd,我支持,,55573492
434,,153.803,1,25,16777215,1575467193,12/4/19 7:46,559,0,2.53362E+16,8c8f367,我是汉中的！,,55573492
435,,247.649,1,25,16777215,1575469589,12/4/19 8:26,559,0,2.53375E+16,29b5e7d8,很多事，要看人，看人性,,55573492
436,,20.78,1,25,16777215,1575472521,12/4/19 9:15,559,0,2.5339E+16,21d1a275,反对安乐死,,55573492
437,,39.289,1,25,16777215,1575472540,12/4/19 9:15,559,0,2.5339E+16,21d1a275,反对安乐死,,55573492
438,,48.539,1,25,16777215,1575472549,12/4/19 9:15,559,0,2.5339E+16,21d1a275,反对安乐死,,55573492
439,,253.132,1,25,16777215,1575474309,12/4/19 9:45,559,0,2.534E+16,c1f02c8c,支持,,55573492
440,,240.385,1,25,16777215,1575511153,12/4/19 19:59,559,0,2.53593E+16,d6016070,实名反对,,55573492
441,,252.475,1,25,15138834,1575518850,12/4/19 22:07,559,0,2.53633E+16,5fe9d4bf,支持,,55573492
442,,19.193,1,25,16777215,1575523862,12/4/19 23:31,559,0,2.53659E+16,f7068928,声音好好听,,55573492
443,,249.239,1,25,16777215,1575541758,12/5/19 4:29,560,0,2.53753E+16,d5d4d328,支持,,55573492
444,,230.151,1,25,16777215,1575550664,12/5/19 6:57,560,0,2.538E+16,ac839986,确实,,55573492
445,,252.284,1,25,16777215,1575551782,12/5/19 7:16,560,0,2.53806E+16,2aa5f19a,支持,,55573492
446,,248.442,1,25,16777215,1575555458,12/5/19 8:17,560,0,2.53825E+16,e863f8df,反对,,55573492
447,,257.507,1,25,16777215,1575556095,12/5/19 8:28,560,0,2.53828E+16,1.76E+99,支持呀,,55573492
448,,248.439,1,25,16777215,1575561929,12/5/19 10:05,560,0,2.53859E+16,40da073e,同意,,55573492
449,,247.041,1,25,16777215,1575566877,12/5/19 11:27,560,0,2.53885E+16,5ac30fd4,反对,,55573492
450,,252.961,1,25,16777215,1575566897,12/5/19 11:28,560,0,2.53885E+16,5ac30fd4,坚决反对,,55573492
451,,229.865,1,25,16777215,1575589348,12/5/19 17:42,560,0,2.54003E+16,657ce5af,医院八成给你打的假药，中国贪污多严重你们心里没点数吗,,55573492
452,,251.226,1,25,16777215,1575606931,12/5/19 22:35,560,0,2.54095E+16,f9fbe622,支持支持,,55573492
453,,229.508,1,25,16777215,1575606904,12/5/19 22:35,560,0,2.54095E+16,f9fbe622,支持支持，，，,,55573492
454,,245.599,1,25,15138834,1575628725,12/6/19 4:38,561,0,2.54209E+16,ac12c76b,我支持！,,55573492
455,,258.56,1,25,16777215,1575638490,12/6/19 7:21,561,0,2.5426E+16,dea59351,望中共早日通过,,55573492
456,,236.421,1,25,16777215,1575647095,12/6/19 9:44,561,0,2.54305E+16,1bc2ac34,必须反对,,55573492
457,,250.42,1,25,16777215,1575647414,12/6/19 9:50,561,0,2.54307E+16,d21c9ce2,支持,,55573492
458,,216.814,1,25,16777215,1575701312,12/7/19 0:48,562,0,2.5459E+16,12d7fc56,如果可以，我踏马马上注射安乐死,,55573492
459,,90.539,1,25,16777215,1575705488,12/7/19 1:58,562,0,2.54612E+16,e52fcaec,自残啊,,55573492
460,,253.518,1,25,16777215,1575706893,12/7/19 2:21,562,0,2.54619E+16,84c2442c,支持,,55573492
461,,254.121,1,25,16777215,1575707327,12/7/19 2:28,562,0,2.54621E+16,aa8d9e25,i,,55573492
462,,255.481,5,25,15138834,1575707355,12/7/19 2:29,562,0,2.54621E+16,aa8d9e25,中立,,55573492
463,,191.897,1,25,16777215,1575790096,12/8/19 1:28,563,0,2.55055E+16,9ac2c32d,迷之判刑,,55573492
464,,229.109,5,25,15138834,1575797791,12/8/19 3:36,563,0,2.55096E+16,41226257,这种认为纯属有病,,55573492
465,,55.369,1,25,16777215,1575809853,12/8/19 6:57,563,0,2.55159E+16,bed7892c,我支持…,,55573492
466,,42.765,1,25,16777215,1575814482,12/8/19 8:14,563,0,2.55183E+16,48a8cd6f,支持有尊严的死去 安乐死的执行标准是很严格的,,55573492
467,,252.518,1,25,16777215,1575817881,12/8/19 9:11,563,0,2.55201E+16,60685a76,支持,,55573492
468,,252.12,1,25,16777215,1575819899,12/8/19 9:44,563,0,2.55211E+16,d6a17c1d,我也想安乐死,,55573492
469,,34.496,1,25,16777215,1575820514,12/8/19 9:55,563,0,2.55215E+16,be5cdf56,我好想。没有痛苦的话,,55573492
470,,239.054,1,25,16777215,1575820777,12/8/19 9:59,563,0,2.55216E+16,be5cdf56,又不是当事人，怎么知道别人承受了多大的痛苦。针不扎在你身上，你永远不知道有多难受..,,55573492
471,,55.521,1,25,16777215,1575824979,12/8/19 11:09,563,0,2.55238E+16,d119688f,没钱就很痛苦阿，还不能结束我的痛苦？,,55573492
472,,138.281,1,25,16777215,1575825088,12/8/19 11:11,563,0,2.55239E+16,d119688f,要是自杀没有痛苦就好了,,55573492
473,,248.841,1,25,15138834,1575825215,12/8/19 11:13,563,0,2.55239E+16,d119688f,支持，什么时候到我,,55573492
474,,253.011,1,25,16777215,1575867954,12/8/19 23:05,563,0,2.55463E+16,c2329be3,反对,,55573492
475,,251.446,5,25,16777215,1575895546,12/9/19 6:45,564,0,2.55608E+16,61b9145,支持,,55573492
476,,4.134,1,25,16777215,1575896516,12/9/19 7:01,564,0,2.55613E+16,d122bd9d,因为生于忧患 死于安乐,,55573492
477,,255.208,1,25,16777215,1575902605,12/9/19 8:43,564,0,2.55645E+16,6d47f8df,支持安乐死合法化,,55573492
478,,195.229,1,25,16777215,1575963223,12/10/19 1:33,565,0,2.55963E+16,191246cf,这很中国特色,,55573492
479,,206.109,1,25,16777215,1575963234,12/10/19 1:33,565,0,2.55963E+16,191246cf,毕竟中国吗,,55573492
480,,174.014,1,25,16777215,1575980900,12/10/19 6:28,565,0,2.56056E+16,4e9e5561,太可怜了！,,55573492
481,,68.864,5,25,16707842,1575990054,12/10/19 9:00,565,0,2.56104E+16,d2181174,云天明草,,55573492
482,,252.581,1,25,16777215,1575998932,12/10/19 11:28,565,0,2.5615E+16,a66eecdc,反对,,55573492
483,,193.696,1,25,16777215,1576050712,12/11/19 1:51,566,0,2.56422E+16,e25080c9,为什么人不能选择自己的生死呢,,55573492
484,,102.144,1,25,16777215,1576074514,12/11/19 8:28,566,0,2.56546E+16,2c6470bc,自行？,,55573492
485,,74.681,1,25,16777215,1576076723,12/11/19 9:05,566,0,2.56558E+16,4fa5b7da,云天明,,55573492
486,,247.721,1,25,16777215,1576076905,12/11/19 9:08,566,0,2.56559E+16,4fa5b7da,支持,,55573492
487,,214.359,1,25,16777215,1576077883,12/11/19 9:24,566,0,2.56564E+16,73eea300,你们知道lcu多贵吗？,,55573492
488,,258.527,1,25,16777215,1576109366,12/11/19 18:09,566,0,2.56729E+16,8f3211d0,真的坚持不下去  支持,,55573492
489,,258.56,1,25,16777215,1576111973,12/11/19 18:52,566,0,2.56743E+16,dfc05af1,fa,,55573492
490,,251.999,1,25,16777215,1576154328,12/12/19 6:38,567,0,2.56965E+16,5b3a6335,支持,,55573492
491,,256.881,1,25,16777215,1576171249,12/12/19 11:20,567,0,2.57054E+16,b6d8942a,审核符合要求后就可以,,55573492
492,,247.747,1,25,16777215,1576232814,12/13/19 4:26,568,0,2.57376E+16,4977bd5c,在我国肯定会被滥用,,55573492
493,,255.926,1,25,16777215,1576248328,12/13/19 8:45,568,0,2.57458E+16,5b1f1a26,坚决反对！,,55573492
494,,244.199,1,25,16777215,1576266530,12/13/19 13:48,568,0,2.57553E+16,f69c2dcf,支持,,55573492
495,,247.274,1,25,16777215,1576333828,12/14/19 8:30,569,0,2.57906E+16,eed7a7ef,反对,,55573492
496,,194.371,1,25,16777215,1576390131,12/15/19 0:08,570,0,2.58201E+16,47826988,我也支持,,55573492
497,,251.241,1,25,16777215,1576507738,12/16/19 8:48,571,0,2.58818E+16,e6a2345e,支持,,55573492
498,,134.365,1,25,16777215,1576514726,12/16/19 10:45,571,0,2.58854E+16,c4dc3e02,中国在发展，人们思想依旧落后,,55573492
499,,3.585,5,25,16777215,1576589832,12/17/19 7:37,572,0,2.59248E+16,db23c08f,生者安乐，死者不一定,,55573492
500,,203.946,1,25,16777215,1576646303,12/17/19 23:18,572,0,2.59544E+16,35c28a00,舍身取义，中国这算不算忘本？,,55573492
501,,248.132,1,25,16777215,1576666509,12/18/19 4:55,573,0,2.5965E+16,eb822cea,现在还不行,,55573492
502,,246.813,1,25,16777215,1576676106,12/18/19 7:35,573,0,2.597E+16,87e7fa61,等你们身边人被病魔折磨的生不如死的时候，也请你们这些反对的人想想，活着受折磨不如解脱,,55573492
503,,249.514,1,25,16777215,1576683127,12/18/19 9:32,573,0,2.59737E+16,d0e0664e,反对,,55573492
504,,251.178,1,25,16777215,1576733926,12/18/19 23:38,573,0,2.60004E+16,a9109c1e,反对主动安乐死,,55573492
505,,44.462,1,25,8963243,1576750725,12/19/19 4:18,574,0,2.60092E+16,f5409f92,学校有辩论，过来记笔记,,55573492
506,,258.56,1,25,16777215,1576754481,12/19/19 5:21,574,0,2.60111E+16,8300c170,支持,,55573492
507,,196.613,1,25,16777215,1576809544,12/19/19 20:39,574,0,2.604E+16,b424b51b,致敬,,55573492
508,,250.016,1,25,16777215,1576847520,12/20/19 7:12,575,0,2.60599E+16,25197da,支持,,55573492
509,,189.647,1,25,16777215,1576849088,12/20/19 7:38,575,0,2.60607E+16,57ae38a8,医者仁心,,55573492
510,,249.17,1,25,16777215,1576901599,12/20/19 22:13,575,0,2.60883E+16,efefcad2,同意安乐死同意安乐死同意安乐死同意安乐死,,55573492
511,,227.057,1,25,16777215,1576901575,12/20/19 22:12,575,0,2.60883E+16,efefcad2,同意安乐死同意安乐死同意安乐死同意安乐死同意安乐死同意安乐死,,55573492
512,,254.944,1,25,16777215,1576902639,12/20/19 22:30,575,0,2.60888E+16,e85f1be7,反对!,,55573492
513,,245.358,5,25,15138834,1576915852,12/21/19 2:10,576,0,2.60957E+16,3164cf8c,支持支持支持支持支持支持,,55573492
514,,229.077,1,25,16777215,1576932321,12/21/19 6:45,576,0,2.61044E+16,c7879177,我就是那批心里脆弱很容易随便选择安乐死的。。,,55573492
515,,60.345,1,25,15138834,1576941765,12/21/19 9:22,576,0,2.61093E+16,c8adf8d2,如果快乐，谁愿意死亡,,55573492
516,,60.007,1,25,16777215,1576941850,12/21/19 9:24,576,0,2.61094E+16,faec8596,嗯,,55573492
517,,66.147,1,25,16777215,1576941858,12/21/19 9:24,576,0,2.61094E+16,faec8596,嗯,,55573492
518,,259,1,25,16777215,1576953505,12/21/19 12:38,576,0,2.61155E+16,224bd84,支持,,55573492
519,,105.337,1,25,16777215,1577024716,12/22/19 8:25,577,0,2.61528E+16,dff77167,？？？？？？,,55573492
520,,193.478,1,25,16777215,1577024879,12/22/19 8:27,577,0,2.61529E+16,dff77167,我不支持,,55573492
521,,243.84,1,25,16777215,1577024939,12/22/19 8:28,577,0,2.61529E+16,dff77167,对头，绝对不可以,,55573492
522,,247.11,1,25,16777215,1577034126,12/22/19 11:02,577,0,2.61578E+16,5692c142,你这说了个锤子的原因,,55573492
523,,220.382,1,25,16777215,1577062379,12/22/19 18:52,577,0,2.61726E+16,75643929,反对，怕有不法份子乱用,,55573492
524,,84.008,5,25,16776960,1577102362,12/23/19 5:59,578,0,2.61935E+16,45773d45,瑞士已经可以积极安乐死了。,,55573492
525,,20.708,1,25,16777215,1577118509,12/23/19 10:28,578,0,2.6202E+16,e68617b6,如果可以我马上,,55573492
526,,3.596,1,25,16777215,1577167246,12/24/19 0:00,579,0,2.62275E+16,5803039,可以放弃治疗啊,,55573492
527,,256,1,25,16777215,1577168171,12/24/19 0:16,579,0,2.6228E+16,f38b35d3,支持！！,,55573492
528,,244.942,1,25,16777215,1577171262,12/24/19 1:07,579,0,2.62297E+16,4cd722d1,反对,,55573492
529,,247.038,1,25,16777215,1577185861,12/24/19 5:11,579,0,2.62373E+16,26f12745,支持吧,,55573492
530,,258.466,1,25,16777215,1577252880,12/24/19 23:48,579,0,2.62724E+16,234eac88,反对,,55573492
531,,101.552,1,25,16646914,1577258760,12/25/19 1:26,580,0,2.62755E+16,3ab1d06,我国也有类似案例，判定有罪，但不进行惩罚,,55573492
532,,128.292,1,25,16646914,1577258857,12/25/19 1:27,580,0,2.62756E+16,3ab1d06,疼都怕？还怕死？啥逻辑？病痛的折磨哪有那么你想的简单，都是小学生？,,55573492
533,,200.629,1,25,16646914,1577258986,12/25/19 1:29,580,0,2.62756E+16,3ab1d06,啥叫国家最后再敲你一笔？法律的制定需要考虑多方面因素,,55573492
534,,236.518,1,25,16777215,1577309955,12/25/19 15:39,580,0,2.63024E+16,8ddcd0b7,你咋知道……我不管…,,55573492
535,,249.806,1,25,15138834,1577372337,12/26/19 8:58,581,0,2.63351E+16,1c5f12e1,支持，我舅舅在癌晚的时候真的是疼的求着我们让他安乐死，真的不忍心再让这种事发生,,55573492
536,,248.294,1,25,16777215,1577546598,12/28/19 9:23,583,0,2.64264E+16,f92efd40,我反对,,55573492
537,,72.823,1,25,16777215,1577546682,12/28/19 9:24,583,0,2.64265E+16,6419fa51,呼入。。。,,55573492
538,,26.239,1,25,16777215,1577581704,12/28/19 19:08,583,0,2.64448E+16,3ccbb1c8,anlesi,,55573492
539,,141.203,1,25,16777215,1577591923,12/28/19 21:58,583,0,2.64502E+16,a0ddfe6b,换中国一定很多人,,55573492
540,,255.008,1,25,16777215,1577617712,12/29/19 5:08,584,0,2.64637E+16,d7095db9,支持,,55573492
541,,258.56,1,25,16777215,1577619360,12/29/19 5:36,584,0,2.64646E+16,a506a24e,支持,,55573492
542,,245.845,1,25,16777215,1577634403,12/29/19 9:46,584,0,2.64725E+16,8.95E+16,支持,,55573492
543,,141.342,1,25,16777215,1577634600,12/29/19 9:50,584,0,2.64726E+16,ef988c55,woc我是汉中的,,55573492
544,,249.171,1,25,16777215,1577636320,12/29/19 10:18,584,0,2.64735E+16,6a6e445,支持,,55573492
545,,56.704,1,25,16777215,1577640834,12/29/19 11:33,584,0,2.64758E+16,1bc53c9f,支持安乐死,,55573492
546,,241,1,25,16777215,1577641095,12/29/19 11:38,584,0,2.6476E+16,1bc53c9f,但问题是救不了啊，半死不活，天天受折磨,,55573492
547,,256.767,1,25,16777215,1577677526,12/29/19 21:45,584,0,2.64951E+16,525c8ce9,支持,,55573492
548,,122.794,1,25,16777215,1577680446,12/29/19 22:34,584,0,2.64966E+16,5a12f345,支持啊,,55573492
549,,144.008,1,25,16777215,1577713368,12/30/19 7:42,585,0,2.65139E+16,7c7551b1,就是怕疼不敢自杀啊！,,55573492
550,,251.355,1,25,16777215,1577801990,12/31/19 8:19,586,0,2.65603E+16,1d1d1efe,支持,,55573492
551,,115.401,1,25,16777215,1577803514,12/31/19 8:45,586,0,2.65611E+16,62cbd21a,带孝子？你们知道近日中国也有类似案例吗 一男子烧死重病父亲,,55573492
552,,175.443,1,25,16777215,1577803662,12/31/19 8:47,586,0,2.65612E+16,62cbd21a,这是患者自己的意愿好吗？？？？？？？？？？？？你们搞笑吗,,55573492
553,,167.983,1,25,16777215,1577803612,12/31/19 8:46,586,0,2.65612E+16,62cbd21a,幸好无罪释放 看来当初的法制已经还算完善了,,55573492
554,,257.721,5,25,16646914,1577826795,12/31/19 15:13,586,0,2.65733E+16,a3ac4551,支持,,55573492
555,,61.354,1,25,16777215,1577861434,1/1/20 0:50,587,0,2.65915E+16,b0a35fb3,暴力,,55573492
556,,246.763,4,25,16646914,1577890231,1/1/20 8:50,587,0,2.66066E+16,afd35002,器官移植的替代方案,,55573492
557,,246.763,4,25,16646914,1577890241,1/1/20 8:50,587,0,2.66066E+16,afd35002,贩卖,,55573492
558,,244.666,1,25,16777215,1577927607,1/1/20 19:13,587,0,2.66262E+16,49974345,优胜劣汰,,55573492
559,,89.767,1,25,16777215,1577946088,1/2/20 0:21,588,0,2.66359E+16,97043390,荷兰也是世界上第一个同性婚姻合法的国家,,55573492
560,,255.514,1,25,16777215,1577980780,1/2/20 9:59,588,0,2.66541E+16,ae09dc,反对,,55573492
561,,248.437,1,25,16777215,1577990702,1/2/20 12:45,588,0,2.66593E+16,2a9b8ff6,我支持,,55573492
562,,89.307,1,25,16777215,1577994657,1/2/20 13:50,588,0,2.66613E+16,e0172f76,尼德兰了诶嘿,,55573492
563,,258.56,1,25,16777215,1578000695,1/2/20 15:31,588,0,2.66645E+16,1762b5ec,抑郁症不能进入安乐死范畴,,55573492
564,,83.641,1,25,16777215,1578009808,1/2/20 18:03,588,0,2.66693E+16,27947bfa,中国台湾也支持,,55573492
565,,124.118,1,25,16777215,1578022543,1/2/20 21:35,588,0,2.6676E+16,fb2404c,基督教不允许自杀吧,,55573492
566,,250.438,1,25,16777215,1578025987,1/2/20 22:33,588,0,2.66778E+16,da12afc2,支持,,55573492
567,,256.999,1,25,16777215,1578065071,1/3/20 9:24,589,0,2.66983E+16,df657d1c,目前反对,,55573492
568,,200.448,1,25,16777215,1578066404,1/3/20 9:46,589,0,2.6699E+16,1af5e937,中国的取保候审就是个笑话,,55573492
569,,240.299,1,25,16777215,1578081448,1/3/20 13:57,589,0,2.67068E+16,e872e026,非常痛苦，无痛尊严的走没错,,55573492
570,,247.539,1,25,16777215,1578081462,1/3/20 13:57,589,0,2.67069E+16,e872e026,支持,,55573492
571,,259,1,25,16777215,1578137012,1/4/20 5:23,590,0,2.6736E+16,35ff0476,有待商榷,,55573492
572,,253.627,1,25,52480,1578186376,1/4/20 19:06,590,0,2.67619E+16,41e7240e,支持，但是需要政府严格管控,,55573492
573,,249.455,1,25,16777215,1578193641,1/4/20 21:07,590,0,2.67657E+16,deac691,支持,,55573492
574,,16.984,1,25,16777215,1578229075,1/5/20 6:57,591,0,2.67842E+16,8a29d798,要养国家,,55573492
575,,184.186,1,25,16777215,1578229319,1/5/20 7:01,591,0,2.67844E+16,8a29d798,心疼医生,,55573492
576,,217.459,1,25,16777215,1578229352,1/5/20 7:02,591,0,2.67844E+16,8a29d798,这很中国，害了人才有反应,,55573492
577,,258.239,1,25,16777215,1578241156,1/5/20 10:19,591,0,2.67906E+16,ae680409,我反对,,55573492
578,,258.239,1,25,16777215,1578241128,1/5/20 10:18,591,0,2.67906E+16,ae680409,我反对,,55573492
579,,252.749,1,25,16777215,1578374869,1/6/20 23:27,592,0,2.68607E+16,9c691363,支持,,55573492
580,,257.647,1,25,16777215,1578458244,1/7/20 22:37,593,0,2.69044E+16,dcdfb15f,不能选择生，还不能选择死吗？,,55573492
581,,59.176,1,25,16777215,1578485848,1/8/20 6:17,594,0,2.69189E+16,67e0cf3a,因为医院要熬骨油,,55573492
582,,34.679,5,25,16777215,1578486476,1/8/20 6:27,594,0,2.69192E+16,13f24c76,右：拥有尊重,,55573492
583,,237.017,1,25,16777215,1578489337,1/8/20 7:15,594,0,2.69207E+16,5.35E+14,绝症了怎么救死扶伤?,,55573492
584,,256.853,1,25,16777215,1578496541,1/8/20 9:15,594,0,2.69245E+16,20820442,支持,,55573492
585,,186.41,1,25,16777215,1578503889,1/8/20 11:18,594,0,2.69283E+16,605eb4e0,太真实了,,55573492
586,,253.838,1,25,16777215,1578505620,1/8/20 11:47,594,0,2.69292E+16,f89e99f9,支持,,55573492
587,,58.738,1,25,16777215,1578508660,1/8/20 12:37,594,0,2.69308E+16,dcdcb471,什么时候能安乐死？,,55573492
588,,236.293,1,25,16777215,1578549929,1/9/20 0:05,595,0,2.69525E+16,ee5b34f3,我还真想安乐死,,55573492
589,,243.651,1,25,16777215,1578553236,1/9/20 1:00,595,0,2.69542E+16,fc5fb2a7,呵呵活得这么痛苦还不让人家死了？,,55573492
590,,254.122,1,25,16777215,1578574028,1/9/20 6:47,595,0,2.69651E+16,d7d510d2,支持,,55573492
591,,255.178,1,25,16777215,1578577858,1/9/20 7:50,595,0,2.69671E+16,c3e61fe3,支持,,55573492
592,,244.597,1,25,16777215,1578626278,1/9/20 21:17,595,0,2.69925E+16,e8bd6554,弊大于利,,55573492
593,,173.969,1,25,16777215,1578675074,1/10/20 10:51,596,0,2.70181E+16,5a3c2732,对的，中国公民合法地不享有选择生死的权利,,55573492
594,,253.181,1,25,16777215,1578724823,1/11/20 0:40,597,0,2.70442E+16,62b4aa86,支持,,55573492
595,,256.734,1,25,16646914,1578806737,1/11/20 23:25,597,0,2.70871E+16,9faf2a62,反对,,55573492
596,,254.474,1,25,16777215,1578822621,1/12/20 3:50,598,0,2.70954E+16,1d1364bb,我是支持的,,55573492
597,,258.357,1,25,16777215,1578848170,1/12/20 10:56,598,0,2.71088E+16,f6073f08,支持,,55573492
598,,255.865,1,25,16777215,1578914868,1/13/20 5:27,599,0,2.71438E+16,d3f996a2,支持,,55573492
599,,250.819,1,25,16777215,1579050719,1/14/20 19:11,600,0,2.7215E+16,2fe70144,反对,,55573492
600,,255.861,1,25,16777215,1579057981,1/14/20 21:13,600,0,2.72188E+16,60803b03,支持,,55573492
601,,168.156,1,25,16777215,1579088002,1/15/20 5:33,601,0,2.72346E+16,1285a1c7,勉县路过,,55573492
602,,252.928,1,25,38979,1579181869,1/16/20 7:37,602,0,2.72838E+16,11cd7d0c, 支持 支持,,55573492
603,,257.527,1,25,16777215,1579187906,1/16/20 9:18,602,0,2.7287E+16,df1b2c4c,反对,,55573492
604,,255.886,1,25,16776960,1579189337,1/16/20 9:42,602,0,2.72877E+16,abdece0,中立,,55573492
605,,253.242,1,25,16777215,1579258583,1/17/20 4:56,603,0,2.7324E+16,65ff7fc7,支持,,55573492
606,,248.126,1,25,16777215,1579279028,1/17/20 10:37,603,0,2.73347E+16,eee50c08,支持,,55573492
607,,217.543,1,25,15138834,1579309498,1/17/20 19:04,603,0,2.73507E+16,d8b1feb1,怎么一个二个对自己的祖国这么有偏见呢？看事情不能太片面啊！,,55573492
608,,249.173,1,25,16777215,1579325128,1/17/20 23:25,603,0,2.73589E+16,6c64a275,同意,,55573492
609,,218.259,1,25,16777215,1579350757,1/18/20 6:32,604,0,2.73723E+16,d837e053,可是现在电视上死字都不许出现,,55573492
610,,244.458,1,25,16777215,1579355418,1/18/20 7:50,604,0,2.73748E+16,21ec4b3c,支持,,55573492
611,,243.24,1,25,16777215,1579503078,1/20/20 0:51,606,0,2.74522E+16,6d60aa9d,反对,,55573492
612,,48.787,1,25,16777215,1579516640,1/20/20 4:37,606,0,2.74593E+16,41b47c8a,支持,,55573492
613,,57.961,1,25,16777215,1579607659,1/21/20 5:54,607,0,2.7507E+16,491ac192,苟,,55573492
614,,251.385,1,25,16777215,1579622720,1/21/20 10:05,607,0,2.75149E+16,923154b8,反对,,55573492
615,,201.205,1,25,16777215,1579666776,1/21/20 22:19,607,0,2.7538E+16,35caa902,我支持！,,55573492
616,,37.158,5,25,16707842,1579691357,1/22/20 5:09,608,0,2.75509E+16,da9e65d4,我可以！我可以！！！,,55573492
617,,253.48,1,25,16777215,1579694147,1/22/20 5:55,608,0,2.75524E+16,277545b4,支持,,55573492
618,,145.614,1,25,16777215,1579698992,1/22/20 7:16,608,0,2.75549E+16,817a9da2,陕西人来了,,55573492
619,,242.502,5,25,16707842,1579699813,1/22/20 7:30,608,0,2.75553E+16,9b24e249,中立，反正都是死,,55573492
620,,258.059,1,25,16777215,1579700690,1/22/20 7:44,608,0,2.75558E+16,d5843f6e,支持,,55573492
621,,252.138,1,25,16777215,1579702823,1/22/20 8:20,608,0,2.75569E+16,766d81e1,支持,,55573492
622,,255.228,1,25,16777215,1579720617,1/22/20 13:16,608,0,2.75662E+16,901ca86,反对,,55573492
623,,93.038,1,25,16777215,1579747771,1/22/20 20:49,608,0,2.75805E+16,2b070915,德黑兰,,55573492
624,,5.969,1,25,52480,1579812210,1/23/20 14:43,609,0,2.76143E+16,9812bcec,死个几千万你们很开心么，人命最值钱,,55573492
625,,248.621,1,25,16777215,1579845363,1/23/20 23:56,609,0,2.76316E+16,e7274988,支持,,55573492
626,,258.56,1,25,16777215,1579964863,1/25/20 9:07,611,0,2.76943E+16,f5db38c5,支持,,55573492
627,,56.65,1,25,16777215,1580021725,1/26/20 0:55,612,0,2.77241E+16,7363f5e6,死刑犯,,55573492
628,,59.648,1,25,16777215,1580046511,1/26/20 7:48,612,0,2.77371E+16,5af04d51,暴力,,55573492
629,,249.463,1,25,16740868,1580086849,1/26/20 19:00,612,0,2.77583E+16,790e891e,支持,,55573492
630,,249.635,1,25,16777215,1580090573,1/26/20 20:02,612,0,2.77602E+16,2e287020,支持,,55573492
631,,193.774,1,25,16777215,1580102120,1/26/20 23:15,612,0,2.77663E+16,5dba96ea,他同意说明他有感情,,55573492
632,,155.106,1,25,16777215,1580273466,1/28/20 22:51,614,0,2.78561E+16,756487fd,寿多则辱真不是开玩笑的,,55573492
633,,97.558,1,25,16777215,1580287531,1/29/20 2:45,615,0,2.78635E+16,25dff177,带孝子,,55573492
634,,60.053,1,25,16777215,1580301261,1/29/20 6:34,615,0,2.78707E+16,775f1937,苟,,55573492
635,,257.342,1,25,16777215,1580304916,1/29/20 7:35,615,0,2.78726E+16,f6d2acb6,反对,,55573492
636,,254.724,1,25,16777215,1580314203,1/29/20 10:10,615,0,2.78775E+16,d74db361,那就自杀呗？,,55573492
637,,245.027,1,25,16777215,1580321341,1/29/20 12:09,615,0,2.78812E+16,6027a1aa,反对的又如何能真正理解一个病人心理和肉身所承受的痛苦,,55573492
638,,247.975,1,25,16777215,1580323741,1/29/20 12:49,615,0,2.78825E+16,c17c2b03,还是反对吧，，，真的,,55573492
639,,250.098,1,25,16777215,1580382351,1/30/20 5:05,616,0,2.79132E+16,beb1c0aa,zj,,55573492
640,,256.758,1,25,16777215,1580382366,1/30/20 5:06,616,0,2.79132E+16,beb1c0aa,中立,,55573492
641,,245.082,5,25,15138834,1580406633,1/30/20 11:50,616,0,2.79259E+16,8b47d53e,为什么不能再仔细制定规则严格审查呢,,55573492
642,,236.808,1,25,16777215,1580470608,1/31/20 5:36,617,0,2.79595E+16,bfbbbdfc,不让我活，还不让我死？,,55573492
643,,254.722,1,25,16777215,1580484408,1/31/20 9:26,617,0,2.79667E+16,d905d4b8,好沉重,,55573492
644,,250.09,1,25,16777215,1580542323,2/1/20 1:32,618,0,2.79971E+16,c412787e,支持,,55573492
645,,252.046,1,25,16777215,1580550155,2/1/20 3:42,618,0,2.80012E+16,f4e2822,支持,,55573492
646,,252.134,1,25,16777215,1580552611,2/1/20 4:23,618,0,2.80025E+16,8ad4b15e,支持,,55573492
647,,255.369,1,25,16777215,1580622850,2/1/20 23:54,618,0,2.80393E+16,61972583,支持,,55573492
648,,256.76,1,25,16777215,1580626988,2/2/20 1:03,619,0,2.80414E+16,4facee98,支持,,55573492
649,,14.682,1,25,16777215,1580627015,2/2/20 1:03,619,0,2.80415E+16,5c54e88c,庄子,,55573492
650,,205.055,1,25,16777215,1580627206,2/2/20 1:06,619,0,2.80416E+16,5c54e88c,支持,,55573492
651,,249.933,5,25,15138834,1580627476,2/2/20 1:11,619,0,2.80417E+16,e2d7e0d0,我支持。,,55573492
652,,136.859,1,25,16777215,1580630772,2/2/20 2:06,619,0,2.80434E+16,6552706a,应该是让患者自己决定吧,,55573492
653,,237.227,1,25,16777215,1580630872,2/2/20 2:07,619,0,2.80435E+16,6552706a,的确,,55573492
654,,161.898,1,25,16777215,1580635605,2/2/20 3:26,619,0,2.8046E+16,58f192f,为什么,,55573492
655,,204.498,1,25,16777215,1580635651,2/2/20 3:27,619,0,2.8046E+16,58f192f,赞同,,55573492
656,,251.637,1,25,16777215,1580642055,2/2/20 5:14,619,0,2.80493E+16,c38e50cf,支持撒,,55573492
657,,252.068,1,25,16777215,1580642365,2/2/20 5:19,619,0,2.80495E+16,518e432f,反反反对,,55573492
658,,210.292,1,25,16777215,1580646637,2/2/20 6:30,619,0,2.80517E+16,b04a6014,我支持,,55573492
659,,202.569,1,25,16777215,1580646629,2/2/20 6:30,619,0,2.80517E+16,b04a6014,支持,,55573492
660,,240.815,1,25,16777215,1580650670,2/2/20 7:37,619,0,2.80539E+16,de4e151f,反对,,55573492
661,,252.443,1,25,16777215,1580653145,2/2/20 8:19,619,0,2.80552E+16,70a28763,支持,,55573492
662,,43.493,1,25,16777215,1580657082,2/2/20 9:24,619,0,2.80572E+16,a90c3fb8,一篇关于安乐死文章摘要,,55573492
663,,46.384,1,25,16777215,1580657088,2/2/20 9:24,619,0,2.80572E+16,a90c3fb8,腰乐队,,55573492
664,,247.64,1,25,16777215,1580670233,2/2/20 13:03,619,0,2.80641E+16,1ea1376a,支持,,55573492
665,,244.448,1,25,16777215,1580700464,2/2/20 21:27,619,0,2.808E+16,79a705e,支持,,55573492
666,,257.276,1,25,16777215,1580702463,2/2/20 22:01,619,0,2.8081E+16,8f24a18d,反对,,55573492
667,,141.069,1,25,16777215,1580705618,2/2/20 22:53,619,0,2.80827E+16,86f5cf00,？？？？？？本地人来了,,55573492
668,,49.913,1,25,16777215,1580711212,2/3/20 0:26,620,0,2.80856E+16,3827b2f2,啊，我想安乐死啊,,55573492
669,,179.898,1,25,16777215,1580713317,2/3/20 1:01,620,0,2.80867E+16,9d953181,太惨了,,55573492
670,,223.578,1,25,16777215,1580713369,2/3/20 1:02,620,0,2.80867E+16,9d953181,我国人目前确实,,55573492
671,,157.183,1,25,16777215,1580715827,2/3/20 1:43,620,0,2.8088E+16,b7d89ba8,汉中 是不是那个中国排球的广告,,55573492
672,,243.776,1,25,41194,1580716780,2/3/20 1:59,620,0,2.80885E+16,4e222cfe,支持 我国 家庭观念很重 有些人 也是不希望拖累家里,,55573492
673,,256.676,1,25,16777215,1580718039,2/3/20 2:20,620,0,2.80892E+16,f5ee947,支持,,55573492
674,,258.077,1,25,16777215,1580725369,2/3/20 4:22,620,0,2.8093E+16,5aa4fdc2,支持,,55573492
675,,211.101,1,25,16777215,1580725384,2/3/20 4:23,620,0,2.8093E+16,5aa4fdc2,支持,,55573492
676,,245.821,1,25,16777215,1580725426,2/3/20 4:23,620,0,2.80931E+16,5aa4fdc2,支持支持,,55573492
677,,25.38,1,25,16777215,1580726127,2/3/20 4:35,620,0,2.80934E+16,fbcad606,巨人的陨落第二部里讲到过,,55573492
678,,160.878,1,25,16777215,1580729463,2/3/20 5:31,620,0,2.80952E+16,fc82e7a9,烧炭很难受的,,55573492
679,,250.392,1,25,16777215,1580741641,2/3/20 8:54,620,0,2.81016E+16,840ea95,反对,,55573492
680,,255.26,1,25,16777215,1580745222,2/3/20 9:53,620,0,2.81034E+16,dbeb3e45,不支持,,55573492
681,,255.478,1,25,16777215,1580795065,2/3/20 23:44,620,0,2.81296E+16,6475d484,支持,,55573492
682,,247.167,1,25,16777215,1580799048,2/4/20 0:50,621,0,2.81317E+16,4c1afafc,支持,,55573492
683,,8.398,1,25,16777215,1580804764,2/4/20 2:26,621,0,2.81347E+16,f757ef5f,估计和中国传统有关,,55573492
684,,163.537,1,25,16777215,1580804956,2/4/20 2:29,621,0,2.81348E+16,f757ef5f,好人啊,,55573492
685,,66.348,1,25,16777215,1580828010,2/4/20 8:53,621,0,2.81468E+16,c4ddb44e,消极安乐死：放弃治疗,,55573492
686,,123.659,5,25,16777215,1580839853,2/4/20 12:10,621,0,2.8153E+16,db083a04,注意这些安乐死的人是主动提出的,,55573492
687,,12.878,1,25,16777215,1580841058,2/4/20 12:30,621,0,2.81537E+16,5620ba20,怕有人干坏事,,55573492
688,,202.677,1,25,16777215,1580866653,2/4/20 19:37,621,0,2.81671E+16,6d615454,说不该得是自己没看见过,,55573492
689,,239.143,1,25,16777215,1580866727,2/4/20 19:38,621,0,2.81671E+16,6d615454,背道而驰。呵呵,,55573492
690,,253.056,1,25,16777215,1580892117,2/5/20 2:41,622,0,2.81804E+16,44e5f1c6,支持，不经历一些事件之后心里怎么可能脆弱,,55573492
691,,251.817,1,25,16777215,1580937159,2/5/20 15:12,622,0,2.82041E+16,231f92c5,反对,,55573492
692,,256.21,1,25,16777215,1580963327,2/5/20 22:28,622,0,2.82178E+16,ead04191,反对,,55573492
693,,228.131,1,25,16777215,1580982737,2/6/20 3:52,623,0,2.8228E+16,5bcb2473,同意安乐死,,55573492
694,,249.572,1,25,16777215,1580982759,2/6/20 3:52,623,0,2.8228E+16,5bcb2473,支持,,55573492
695,,246.758,1,25,16777215,1581141076,2/7/20 23:51,624,0,2.8311E+16,90ff7ae,支持啊，必须支持,,55573492
696,,257.2,1,25,16777215,1581166082,2/8/20 6:48,625,0,2.83241E+16,a34dacfa,支持,,55573492
697,,157.067,1,25,16777215,1581216669,2/8/20 20:51,625,0,2.83506E+16,823ce08d,尼德兰。。。,,55573492
698,,248.618,1,25,16777215,1581245397,2/9/20 4:49,626,0,2.83657E+16,663dd5bb,支持,,55573492
699,,256.959,1,25,16777215,1581250132,2/9/20 6:08,626,0,2.83682E+16,a4ec2e53,支持,,55573492
700,,256.588,1,25,16777215,1581259961,2/9/20 8:52,626,0,2.83733E+16,4d383b0c,支持,,55573492
701,,5.205,1,25,16777215,1581302843,2/9/20 20:47,626,0,2.83958E+16,c95f8a53,要有那我早死了,,55573492
702,,240.779,1,25,16777215,1581325287,2/10/20 3:01,627,0,2.84076E+16,4a06df39,不支持,,55573492
703,,248.878,1,25,16777215,1581360334,2/10/20 12:45,627,0,2.84259E+16,b5b318b0,现在还不好说啊,,55573492
704,,256.025,1,25,16777215,1581394625,2/10/20 22:17,627,0,2.84439E+16,b8208ae8,支持,,55573492
705,,37.97,1,25,16777215,1581400143,2/10/20 23:49,627,0,2.84468E+16,acfaf7ab,我反对,,55573492
706,,51.824,1,25,52480,1581400173,2/10/20 23:49,627,0,2.84468E+16,acfaf7ab,反对，犯罪空间太大了,,55573492
707,,252.798,1,25,16777215,1581417054,2/11/20 4:30,628,0,2.84557E+16,edc30204,支持,,55573492
708,,253.015,1,25,16777215,1581475762,2/11/20 20:49,628,0,2.84864E+16,382dde26,反对,,55573492
709,,256.921,1,25,16777215,1581480225,2/11/20 22:03,628,0,2.84888E+16,f79a3e1a,支持,,55573492
710,,243.093,1,25,16777215,1581491315,2/12/20 1:08,629,0,2.84946E+16,d1a2c0e3,中国全部问题都是因为人太多,,55573492
711,,241.734,5,25,16777215,1581505702,2/12/20 5:08,629,0,2.85021E+16,42127385,……反对,,55573492
712,,252.93,1,25,16777215,1581512304,2/12/20 6:58,629,0,2.85056E+16,5082c2a8,不支持也不反对吧,,55573492
713,,253.983,1,25,16777215,1581517107,2/12/20 8:18,629,0,2.85081E+16,f97fd3,保持中立,,55573492
714,,11.838,1,25,16777215,1581517368,2/12/20 8:22,629,0,2.85083E+16,d84fcd92,哪个男孩不想被安乐死？,,55573492
715,,60.256,1,25,16777215,1581524159,2/12/20 10:15,629,0,2.85118E+16,878c9ed8,这个模型……,,55573492
716,,250.779,1,25,16777215,1581532567,2/12/20 12:36,629,0,2.85162E+16,d69c1020,支持,,55573492
717,,4.618,1,25,16777215,1581558356,2/12/20 19:45,629,0,2.85298E+16,5f7f3813,总有人会被安乐死的,,55573492
718,,251.47,1,25,16777215,1581559514,2/12/20 20:05,629,0,2.85304E+16,f97038fb,我不选择安乐死，但我同意立法，让选择安乐死的人使用,,55573492
719,,232.771,1,25,16777215,1581564290,2/12/20 21:24,629,0,2.85329E+16,bc50c443,不足以合法化 ~~~,,55573492
720,,252.838,5,18,15138834,1581567495,2/12/20 22:18,629,0,2.85345E+16,c14fe9ab,反对！,,55573492
721,,58.083,1,25,16777215,1581570366,2/12/20 23:06,629,0,2.8536E+16,ac3ad2c,暴力,,55573492
722,,207.569,1,25,16777215,1581571068,2/12/20 23:17,629,0,2.85364E+16,8f936b19,支持,,55573492
723,,223.354,1,25,16777215,1581571084,2/12/20 23:18,629,0,2.85364E+16,8f936b19,爷爷去世的时候太痛苦了，真的于心不忍,,55573492
724,,258.467,1,25,16777215,1581576547,2/13/20 0:49,630,0,2.85393E+16,e4737419,支持支持支持支持支持支持支持支持,,55573492
725,,252.073,1,25,16777215,1581587524,2/13/20 3:52,630,0,2.8545E+16,83fca077,支持,,55573492
726,,254.208,1,25,16777215,1581588132,2/13/20 4:02,630,0,2.85454E+16,cd78f62f,支持,,55573492
727,,252.627,1,25,16777215,1581591459,2/13/20 4:57,630,0,2.85471E+16,6626a924,支持,,55573492
728,,258.467,1,25,16777215,1581594950,2/13/20 5:55,630,0,2.85489E+16,88603ea6,支持,,55573492
729,,193.104,1,25,16777215,1581601472,2/13/20 7:44,630,0,2.85524E+16,d4240fb7,是的，绝症患者也痛苦，而且也会消耗巨大的家庭与社会财力,,55573492
730,,247.124,1,25,16777215,1581611417,2/13/20 10:30,630,0,2.85576E+16,24112f41,支持,,55573492
731,,247.441,1,25,16777215,1581633641,2/13/20 16:40,630,0,2.85692E+16,5fc0f1ef,支持安乐死，但一定要完善相关制度及流程,,55573492
732,,237.929,1,25,16777215,1581643719,2/13/20 19:28,630,0,2.85745E+16,311b774,为什么反对？,,55573492
733,,256.158,1,25,16777215,1581664516,2/14/20 1:15,631,0,2.85854E+16,5755d3e1,中立,,55573492
734,,34.285,5,25,16646914,1581667266,2/14/20 2:01,631,0,2.85869E+16,faeff9e5,左边：安乐死等于谋杀,,55573492
735,,34.285,5,25,16646914,1581667291,2/14/20 2:01,631,0,2.85869E+16,faeff9e5,右边：我想带着尊重死去,,55573492
736,,257.705,1,25,16777215,1581696981,2/14/20 10:16,631,0,2.86024E+16,93d73718,必须要有，但不能轻松做,,55573492
737,,248.898,1,25,16777215,1581699654,2/14/20 11:00,631,0,2.86038E+16,e7186fd4,支持,,55573492
738,,251.557,5,25,16777215,1581743462,2/14/20 23:11,631,0,2.86268E+16,3cacebc6,痛苦，无痛，选哪个？,,55573492
739,,8.502,1,25,16777215,1581743908,2/14/20 23:18,631,0,2.8627E+16,211801cc,没有君堡差评,,55573492
740,,87.999,1,25,16777215,1581752495,2/15/20 1:41,632,0,2.86315E+16,575dc739,荷兰真是各种世界第一,,55573492
741,,160.44,1,25,16777215,1581752803,2/15/20 1:46,632,0,2.86317E+16,575dc739,荷兰不愧是国际法庭所在地的国家,,55573492
742,,84.991,1,25,16777215,1581753336,2/15/20 1:55,632,0,2.8632E+16,6cdd0d5c,duang,,55573492
743,,247.594,1,25,16777215,1581756639,2/15/20 2:50,632,0,2.86337E+16,2da47c6f,自杀算犯法吗？,,55573492
744,,257.361,1,25,16777215,1581756649,2/15/20 2:50,632,0,2.86337E+16,2da47c6f,自杀算犯法吗,,55573492
745,,64.34,1,25,16777215,1581804433,2/15/20 16:07,632,0,2.86588E+16,2615f8d,暴力,,55573492
746,,116.264,1,25,16777215,1581804504,2/15/20 16:08,632,0,2.86588E+16,2615f8d,这是不遵守人性的,,55573492
747,,236.184,1,25,16777215,1581804635,2/15/20 16:10,632,0,2.86589E+16,2615f8d,不支持安乐死,,55573492
748,,248.504,1,25,16777215,1581804651,2/15/20 16:10,632,0,2.86589E+16,2615f8d,反对,,55573492
749,,117.423,1,25,16777215,1581817229,2/15/20 19:40,632,0,2.86655E+16,6ae1a113,说天主教不能自杀的，那佛教还不能杀生呢，你每天不吃肉吗？,,55573492
750,,4.522,1,25,16777215,1581907943,2/16/20 20:52,633,0,2.8713E+16,e11afd8f,bgm是原创 音乐合辑里有！,,55573492
751,,222.694,1,25,16777215,1581908162,2/16/20 20:56,633,0,2.87132E+16,e11afd8f,我支持,,55573492
752,,192.58,1,25,16777215,1581930351,2/17/20 3:05,634,0,2.87248E+16,e3067293,说的对,,55573492
753,,220.11,1,25,16777215,1582008156,2/18/20 0:42,635,0,2.87656E+16,b708f02d,支持,,55573492
754,,254.837,1,25,16777215,1582021608,2/18/20 4:26,635,0,2.87726E+16,b760bda8,支持,,55573492
755,,174.686,1,25,16777215,1582025286,2/18/20 5:28,635,0,2.87746E+16,583702d7,带孝子,,55573492
756,,253.678,1,25,16777215,1582028498,2/18/20 6:21,635,0,2.87762E+16,e128e4e3,支持,,55573492
757,,251.577,1,25,16777215,1582035116,2/18/20 8:11,635,0,2.87797E+16,70b9939c,支持,,55573492
758,,252.114,1,25,16777215,1582086522,2/18/20 22:28,635,0,2.88067E+16,e67c2500,支持,,55573492
759,,234.46,1,25,4351678,1582107272,2/19/20 4:14,636,0,2.88175E+16,b6504f5d,太极端的两面性了,,55573492
760,,245.878,1,25,16777215,1582178083,2/19/20 23:54,636,0,2.88547E+16,232486d6,反对,,55573492
761,,20.595,1,25,16777215,1582244744,2/20/20 18:25,637,0,2.88896E+16,195804e,我没资格死(눈_눈),,55573492
762,,246.821,1,25,16777215,1582298299,2/21/20 9:18,638,0,2.89177E+16,c168bbc5,支持！,,55573492
763,,248.385,1,25,16777215,1582306004,2/21/20 11:26,638,0,2.89217E+16,98916bcd,支持,,55573492
764,,194.06,1,25,16777215,1582338716,2/21/20 20:31,638,0,2.89389E+16,e0bc0910,好,,55573492
765,,222.158,1,25,16777215,1582346423,2/21/20 22:40,638,0,2.89429E+16,417b1a0d,在中国真的因为病痛想走的，还不是可以用煤气，坠楼或者跳海吗,,55573492
766,,255.389,1,25,16777215,1582356524,2/22/20 1:28,639,0,2.89482E+16,940e4b9c,支持,,55573492
767,,234.558,1,25,16777215,1582357605,2/22/20 1:46,639,0,2.89488E+16,5e273ee9,有道理,,55573492
768,,179.591,1,25,16777215,1582390951,2/22/20 11:02,639,0,2.89663E+16,fc2dd795,特色,,55573492
769,,227.132,1,25,16777215,1582391024,2/22/20 11:03,639,0,2.89663E+16,fc2dd795,反对,,55573492
770,,206.772,1,25,16777215,1582413643,2/22/20 17:20,639,0,2.89782E+16,6266675e,云天明草,,55573492
771,,251.686,5,25,15138834,1582427234,2/22/20 21:07,639,0,2.89853E+16,f8ecf5b0,我支持,,55573492
772,,251.277,1,25,16777215,1582448535,2/23/20 3:02,640,0,2.89965E+16,c3587bcf,反对,,55573492
773,,258.267,1,25,16777215,1582623354,2/25/20 3:35,642,0,2.90881E+16,5ee5a23,反对,,55573492
774,,229.149,1,25,16777215,1582694302,2/25/20 23:18,642,0,2.91253E+16,55b029f3,我反对,,55573492
775,,21.661,5,25,16646914,1582708988,2/26/20 3:23,643,0,2.9133E+16,9d76dda6,你们想过会有子女强制老人安乐死吗,,55573492
776,,258.364,1,25,16777215,1582721569,2/26/20 6:52,643,0,2.91396E+16,f041c73b,支持,,55573492
777,,254.829,1,25,16777215,1582731408,2/26/20 9:36,643,0,2.91448E+16,653998aa,国家也很难,,55573492
778,,31.559,1,25,16777215,1582738202,2/26/20 11:30,643,0,2.91483E+16,32d8d9ad,文化差异,,55573492
779,,138.614,1,25,16777215,1582763294,2/26/20 18:28,643,0,2.91615E+16,c1475f90,难道允许安乐死就是思想进步？前面的小学生别bb了,,55573492
780,,206.734,1,25,16777215,1582763417,2/26/20 18:30,643,0,2.91616E+16,c1475f90,说支持的都是未经世事的小学生,,55573492
781,,217.95,1,25,16777215,1582763471,2/26/20 18:31,643,0,2.91616E+16,c1475f90,反对安乐死！！！！！,,55573492
782,,52.583,1,25,16777215,1582769284,2/26/20 20:08,643,0,2.91646E+16,ac4cdda,要是免费白给可以，我也想试试,,55573492
783,,249.14,1,25,16777215,1582775898,2/26/20 21:58,643,0,2.91681E+16,a3bc899c,我持中立态度,,55573492
784,,99.849,1,25,16777215,1582777692,2/26/20 22:28,643,0,2.9169E+16,a6ef2c5,带孝子,,55573492
785,,249.228,1,25,16777215,1582794214,2/27/20 3:03,644,0,2.91777E+16,3a70b331,中立,,55573492
786,,240.813,1,25,16777215,1582803472,2/27/20 5:37,644,0,2.91826E+16,912fb307,好蠢,,55573492
787,,256.491,1,25,16777215,1582834026,2/27/20 14:07,644,0,2.91986E+16,3987b7e8,支持,,55573492
788,,25.747,1,25,16777215,1582897337,2/28/20 7:42,645,0,2.92318E+16,b636bf52,看完视频，发现你这视频就是文不对题，瑞典也支持安乐死,,55573492
789,,256.857,1,25,16777215,1582933569,2/28/20 17:46,645,0,2.92508E+16,a2583800,反对,,55573492
790,,39.677,1,25,16777215,1582947739,2/28/20 21:42,645,0,2.92582E+16,22a388d,声音nice哟,,55573492
791,,255.702,1,25,16777215,1582976835,2/29/20 5:47,646,0,2.92734E+16,153da966,反对,,55573492
792,,34.624,5,25,41194,1582985025,2/29/20 8:03,646,0,2.92777E+16,ba5db8d4,我中立,,55573492
793,,254.358,1,25,16777215,1582991160,2/29/20 9:46,646,0,2.9281E+16,cc5226ce,支持,,55573492
794,,159.851,1,25,16777215,1582993715,2/29/20 10:28,646,0,2.92823E+16,7bd1bfb9,可是这里没有问患者本人,,55573492
795,,183.372,1,25,16777215,1582993739,2/29/20 10:28,646,0,2.92823E+16,7bd1bfb9,没有问患者本人,,55573492
796,,250.276,1,25,15138834,1583027218,2/29/20 19:46,646,0,2.92999E+16,5d56ad2b,支持，当你在ICU里痛苦的躺着，家人们担忧和无力支付巨额住院费时，你才知道死是多么奢侈,,55573492
797,,242.695,1,25,16777215,1583030110,2/29/20 20:35,646,0,2.93014E+16,a97e925e,反对,,55573492
798,,256.136,1,25,16777215,1583032958,2/29/20 21:22,646,0,2.93029E+16,8ad1cb18,支持,,55573492
799,,248.405,1,25,16777215,1583036580,2/29/20 22:23,646,0,2.93048E+16,62f0b54c,反对,,55573492
800,,250.848,1,25,16777215,1583039618,2/29/20 23:13,646,0,2.93064E+16,74b6a6d5,支持,,55573492
801,,53.027,1,25,16777215,1583039676,2/29/20 23:14,646,0,2.93064E+16,e7797d12,三体,,55573492
802,,26.323,1,25,16777215,1583068790,3/1/20 7:19,647,0,2.93217E+16,f3c195b7,希望国内安乐死早日合法化,,55573492
803,,247.633,1,25,16777215,1583074318,3/1/20 8:51,647,0,2.93246E+16,563ffe7,支持,,55573492
804,,241.335,1,25,16777215,1583083105,3/1/20 11:18,647,0,2.93292E+16,c297f423,也是,,55573492
805,,258.466,1,25,16777215,1583134660,3/2/20 1:37,648,0,2.93562E+16,88535ee,凡事都有两面性,,55573492
806,,210.298,1,25,52480,1583134699,3/2/20 1:38,648,0,2.93562E+16,88535ee,凡事都有两面性,,55573492
807,,258.466,1,25,16777215,1583140702,3/2/20 3:18,648,0,2.93594E+16,ecfb693f,支持,,55573492
808,,256.115,1,25,16777215,1583141914,3/2/20 3:38,648,0,2.936E+16,cf66d4fb,支持,,55573492
809,,117.476,1,25,16777215,1583236380,3/3/20 5:53,649,0,2.94095E+16,9d92397e,这男的有什么错吗？？？？,,55573492
810,,117.628,1,25,16777215,1583236396,3/3/20 5:53,649,0,2.94095E+16,9d92397e,还有？？忘本？？你觉得每个西方人都天主教吗,,55573492
811,,220.545,1,25,16777215,1583236529,3/3/20 5:55,649,0,2.94096E+16,9d92397e,支持安乐死。,,55573492
812,,246.918,1,25,16777215,1583236570,3/3/20 5:56,649,0,2.94096E+16,9d92397e,支持支持支持,,55573492
813,,248.93,1,25,16777215,1583250678,3/3/20 9:51,649,0,2.9417E+16,778c5622,合法就支持！,,55573492
814,,250.409,1,25,16777215,1583297305,3/3/20 22:48,649,0,2.94415E+16,a076d6a5,这种反对极端的像有车祸所以不开车一样,,55573492
815,,101.566,1,25,16777215,1583298421,3/3/20 23:07,649,0,2.9442E+16,c8f0e23e,hhh,,55573492
816,,235.144,1,25,16777215,1583298570,3/3/20 23:09,649,0,2.94421E+16,c8f0e23e,是我没错了,,55573492
817,,220.979,1,25,16777215,1583325628,3/4/20 6:40,650,0,2.94563E+16,f723cf6f,我只要不痛苦的死去就行了,,55573492
818,,255.319,1,25,16777215,1583343979,3/4/20 11:46,650,0,2.94659E+16,69f154ef,法好，人坏，到时怎么弄,,55573492
819,,249.435,1,25,16777215,1583477290,3/6/20 0:48,652,0,2.95358E+16,d26ceb00,支持,,55573492
820,,172.299,1,25,16777215,1583482016,3/6/20 2:06,652,0,2.95383E+16,196e89d6,说人连自己的生死都无法决定的，还真不行,,55573492
821,,250.83,1,25,16777215,1583486380,3/6/20 3:19,652,0,2.95406E+16,8639695,支持,,55573492
822,,209.023,1,25,16777215,1583492370,3/6/20 4:59,652,0,2.95437E+16,2d4c215f,达康书记～,,55573492
823,,220.396,1,25,16777215,1583511499,3/6/20 10:18,652,0,2.95538E+16,ca60783a,我也反对我国目前安乐死，安乐死弊大于利,,55573492
824,,4.701,1,25,16777215,1583552100,3/6/20 21:35,652,0,2.9575E+16,3dc41516,怕担责,,55573492
825,,51.848,1,25,16777215,1583569697,3/7/20 2:28,653,0,2.95843E+16,9abbeb83,还得变成一块橡皮,,55573492
826,,251.489,1,25,16777215,1583683541,3/8/20 11:05,654,0,2.9644E+16,619b9b2e,支持,,55573492
827,,45.801,1,25,16777215,1583725895,3/8/20 22:51,654,0,2.96662E+16,ccf0f0ff,支持安乐死合法化,,55573492
828,,248.56,1,25,16777215,1583760870,3/9/20 8:34,655,0,2.96845E+16,b3e63cf8,支持支持支持,,55573492
829,,107.96,1,25,16777215,1583771730,3/9/20 11:35,655,0,2.96902E+16,d873d107,？？？？？？？,,55573492
830,,183.98,1,25,16777215,1583771816,3/9/20 11:36,655,0,2.96902E+16,d873d107,无辜啊,,55573492
831,,229.82,1,25,16777215,1583771867,3/9/20 11:37,655,0,2.96903E+16,d873d107,有道理哎,,55573492
832,,8.427,1,25,16777215,1583841378,3/10/20 6:56,656,0,2.97267E+16,c8bdbb84,云天明,,55573492
833,,252.952,1,25,16777215,1583853380,3/10/20 10:16,656,0,2.9733E+16,f7d0c13b,中立,,55573492
834,,245.672,1,25,16777215,1583875322,3/10/20 16:22,656,0,2.97445E+16,88ff8cf4,支持,,55573492
835,,223.542,1,25,16777215,1583917136,3/11/20 3:58,657,0,2.97664E+16,1a69d152,支持安乐死,,55573492
836,,161.233,1,25,16777215,1583923504,3/11/20 5:45,657,0,2.97698E+16,adf56573,勇气,,55573492
837,,155.424,1,25,16777215,1583923498,3/11/20 5:44,657,0,2.97698E+16,adf56573,大勇气,,55573492
838,,160.102,1,25,16777215,1583925982,3/11/20 6:26,657,0,2.97711E+16,997fc51c,这是个好医生，真的是站他人角度着想的,,55573492
839,,174.826,1,25,16776960,1583942113,3/11/20 10:55,657,0,2.97795E+16,8c126709,人还真的不能决定生死，否则绝对会有强者对弱者的剥削,,55573492
840,,47.34,1,25,16777215,1584008662,3/12/20 5:24,658,0,2.98144E+16,40c22ce0,我国法律规定，公民不得放弃生命权,,55573492
841,,36.694,1,25,16776960,1584010365,3/12/20 5:52,658,0,2.98153E+16,51bb8b8e,你愿意让你养的猪“安乐死”吗？,,55573492
842,,247.508,4,25,16777215,1584012320,3/12/20 6:25,658,0,2.98163E+16,409dd610,中立,,55573492
843,,258.22,4,25,16777215,1584012290,3/12/20 6:24,658,0,2.98163E+16,409dd610,中立,,55573492
844,,252.126,1,25,16777215,1584069187,3/12/20 22:13,658,0,2.98461E+16,7deb3422,支持,,55573492
845,,180.259,1,25,16777215,1584078763,3/13/20 0:52,659,0,2.98512E+16,b94b00a8,支持安乐死,,55573492
846,,244.873,1,25,16777215,1584078992,3/13/20 0:56,659,0,2.98513E+16,b94b00a8,反对的那些就应该得病疼死你,,55573492
847,,243.702,1,25,16777215,1584078948,3/13/20 0:55,659,0,2.98513E+16,b94b00a8,支持支持，必须支持！,,55573492
848,,246.631,1,25,16777215,1584092197,3/13/20 4:36,659,0,2.98582E+16,5db7224b,支持,,55573492
849,,47.023,1,25,16777215,1584100650,3/13/20 6:57,659,0,2.98626E+16,5ddad905,为了让医院赚钱，家庭变穷,,55573492
850,,54.551,1,25,16777215,1584107869,3/13/20 8:57,659,0,2.98664E+16,2f9d7a4d,反对,,55573492
851,,132.911,5,25,16776960,1584157995,3/13/20 22:53,659,0,2.98927E+16,5bd064c8,真的病很难受的话真的不如安乐死，每一天什么都干不了只能接受痛苦。。。,,55573492
852,,142.747,1,25,16777215,1584190652,3/14/20 7:57,660,0,2.99098E+16,1ec96a57,我们陕西？？？！！！,,55573492
853,,27.818,1,25,16777215,1584194586,3/14/20 9:03,660,0,2.99119E+16,8b649d78,声音好好听！！,,55573492
854,,63.083,1,25,16777215,1584195571,3/14/20 9:19,660,0,2.99124E+16,c6655978,重度抑郁症算痛苦吗？,,55573492
855,,14.296,1,25,16777215,1584204887,3/14/20 11:54,660,0,2.99173E+16,457a34bf,真的想安乐死,,55573492
856,,103.488,1,25,16777215,1584260665,3/15/20 3:24,661,0,2.99465E+16,b012bac6,会不会很疼啊,,55573492
857,,161.234,1,25,16777215,1584267675,3/15/20 5:21,661,0,2.99502E+16,9438cd4d,就现在结婚率和生育率，我支持安乐死。50年后太多孤寡老人，无子无女，无人善终。,,55573492
858,,250.082,1,25,16777215,1584281727,3/15/20 9:15,661,0,2.99576E+16,f4134c5b,反对,,55573492
859,,133.519,5,25,15138834,1584285495,3/15/20 10:18,661,0,2.99596E+16,997417ee,我一生的梦想就是努力赚钱去安乐死,,55573492
860,,47.292,1,25,16777215,1584293363,3/15/20 12:29,661,0,2.99637E+16,5802440a,人会在老的时候精神得到升华！,,55573492
861,,9.83,1,25,16777215,1584332543,3/15/20 23:22,661,0,2.99842E+16,7a44cb21,有安眠药,,55573492
862,,254.843,1,25,16777215,1584459910,3/17/20 10:45,663,0,3.0051E+16,67341be4,反对,,55573492
863,,217.42,1,25,16777215,1584519170,3/18/20 3:12,664,0,3.00821E+16,8bd10972,不能死，治病花钱，要不医院怎么盈利,,55573492
864,,254.24,1,25,16777215,1584529902,3/18/20 6:11,664,0,3.00877E+16,de2b0fd0,支持,,55573492
865,,252.801,1,25,16777215,1584555219,3/18/20 13:13,664,0,3.0101E+16,81f4b8ae,社畜不是想好死，不可能的,,55573492
866,,64.332,1,25,16777215,1584620371,3/19/20 7:19,665,0,3.01351E+16,dedc0f22,找个刺客,,55573492
867,,0.489,5,25,15138834,1584641268,3/19/20 13:07,665,0,3.01461E+16,85511b92,因为是给云天明安排的,,55573492
868,,219.056,1,25,16777215,1584646248,3/19/20 14:30,665,0,3.01487E+16,7a73c59b,大力支持啊,,55573492
869,,58.384,1,25,16777215,1584704212,3/20/20 6:36,666,0,3.01791E+16,ceb98753,非常痛苦,,55573492
870,,1.205,1,25,16777215,1584704456,3/20/20 6:40,666,0,3.01792E+16,ceb98753,我支持，我觉得安乐死挺好的。,,55573492
871,,242.558,1,25,16777215,1584705621,3/20/20 7:00,666,0,3.01798E+16,542f3b53,是啊弊端也不少,,55573492
872,,252.16,1,25,16777215,1584711674,3/20/20 8:41,666,0,3.0183E+16,5905a4ac,支持,,55573492
873,,127.339,1,25,16777215,1584778792,3/21/20 3:19,667,0,3.02182E+16,40685dd9,支持安乐死   人有选择安乐死的权利   ,,55573492
874,,196.264,1,25,16777215,1584794250,3/21/20 7:37,667,0,3.02263E+16,96d4a0e3,前面的，放弃治疗也要经历很大的痛苦的，自杀更需要勇气,,55573492
875,,246.772,1,25,16777215,1584795343,3/21/20 7:55,667,0,3.02269E+16,8fe2bbbb,支持,,55573492
876,,252.125,1,25,16777215,1584842382,3/21/20 20:59,667,0,3.02515E+16,c0219256,支持,,55573492
877,,244.369,1,25,16777215,1584869618,3/22/20 4:33,668,0,3.02658E+16,cf6e8cbe,3.20 我在武汉，我现在就请求安乐死,,55573492
878,,255.322,1,25,16777215,1584882576,3/22/20 8:09,668,0,3.02726E+16,7d6a5d36,我支持,,55573492
879,,129.547,1,25,16777215,1584885822,3/22/20 9:03,668,0,3.02743E+16,f7108bb3,不愧公知,,55573492
880,,205.304,1,25,16777215,1584886461,3/22/20 9:14,668,0,3.02746E+16,e04a2674,我支持,,55573492
881,,252.262,1,25,16777215,1584890216,3/22/20 10:16,668,0,3.02766E+16,c9195101,反对,,55573492
882,,0.859,1,25,16777215,1584974446,3/23/20 9:40,669,0,3.03208E+16,3efce973,喜欢马上给你安排,,55573492
883,,237.62,1,25,16777215,1585044232,3/24/20 5:03,670,0,3.03574E+16,32cbfcc1,我天天想这个,,55573492
884,,254.158,1,25,16777215,1585050475,3/24/20 6:47,670,0,3.03606E+16,2134d597,支持,,55573492
885,,252.727,1,25,16777215,1585118942,3/25/20 1:49,671,0,3.03965E+16,f4fd8652,反对,,55573492
886,,21.091,1,25,16777215,1585134234,3/25/20 6:03,671,0,3.04045E+16,6f8f3e29,安乐了韭菜哪里去找,,55573492
887,,249.334,1,25,15138834,1585153803,3/25/20 11:30,671,0,3.04148E+16,ab18bd6e,反对   反对    反对      反对         反对          反对       中立  ,,55573492
888,,248.487,1,25,16777215,1585155101,3/25/20 11:51,671,0,3.04155E+16,cad97bd2,不能选怎么出生也不能选怎么死了那算个什么人生,,55573492
889,,252.95,1,25,16777215,1585200472,3/26/20 0:27,672,0,3.04393E+16,79211320,支持,,55573492
890,,253.1,1,25,16777215,1585219585,3/26/20 5:46,672,0,3.04493E+16,d64afc69,支持,,55573492
891,,223.26,1,25,16777215,1585219541,3/26/20 5:45,672,0,3.04493E+16,d64afc69,能不能强制安乐死你们,,55573492
892,,2.721,1,25,16777215,1585309084,3/27/20 6:38,673,0,3.04962E+16,90bdf252,死了就没韭菜了,,55573492
893,,249.18,1,25,16777215,1585359056,3/27/20 20:30,673,0,3.05224E+16,9b30d72a,应该有一个可能性，起码我在生命的终结时我想安详的睡去，而不是痛苦的死去,,55573492
894,,247.14,1,25,16777215,1585484304,3/29/20 7:18,675,0,3.05881E+16,496c5ea4,支持,,55573492
895,,250.607,1,25,16777215,1585536005,3/29/20 21:40,675,0,3.06152E+16,9152a81b,反对,,55573492
896,,248.5,1,25,16777215,1585566821,3/30/20 6:13,676,0,3.06313E+16,7a997207,反对,,55573492
897,,251.658,1,25,16777215,1585723869,4/1/20 1:51,678,0,3.07137E+16,62801996,支持，只想离开的时候从容一点,,55573492
898,,241.018,1,25,16777215,1585723835,4/1/20 1:50,678,0,3.07137E+16,62801996,可以规定年龄吧，比如七十岁以上或者多些条件,,55573492
899,,166.443,1,25,16777215,1585732991,4/1/20 4:23,678,0,3.07185E+16,9b5fcd8d,nice,,55573492
900,,168.365,5,25,16776960,1585733072,4/1/20 4:24,678,0,3.07185E+16,9b5fcd8d,人如果有决定生死的权利，将导致强者对弱者的剥削,,55573492
901,,258.56,1,25,16777215,1585785195,4/1/20 18:53,678,0,3.07458E+16,836d6738,我怎么知道是不是会死的安乐,,55573492
902,,178.378,1,25,16777215,1585859876,4/2/20 15:37,679,0,3.0785E+16,717ee533,医院的做法真是恶臭,,55573492
903,,254.549,1,25,16777215,1585859954,4/2/20 15:39,679,0,3.0785E+16,717ee533,支持,,55573492
904,,250.464,1,25,16777215,1585882306,4/2/20 21:51,679,0,3.07967E+16,8af4aada,反对,,55573492
905,,235.588,1,25,16777215,1585890449,4/3/20 0:07,680,0,3.0801E+16,fac17154,确实,,55573492
906,,0.452,1,25,16777215,1585907376,4/3/20 4:49,680,0,3.08099E+16,1d36a664,"不支持安乐死的是因为还太年轻,要是他一身病,身边没子女,还穷困潦倒的时候他自己就喝百草枯了",,55573492
907,,244.951,1,25,16777215,1585910964,4/3/20 5:49,680,0,3.08118E+16,4163814c,反对,,55573492
908,,55.843,1,25,16777215,1585921619,4/3/20 8:46,680,0,3.08174E+16,8d40048f,三体,,55573492
909,,206.929,1,25,16707842,1585922294,4/3/20 8:58,680,0,3.08177E+16,f15253c4,说自己的命为什么没有决定权的 那你自己的身体有决定权吗 你卖你自己的器官违法吗？,,55573492
910,,235.669,5,25,16707842,1585922357,4/3/20 8:59,680,0,3.08177E+16,f15253c4,说的很对 前面都多少弹幕说如果可以 现在就要安乐死了,,55573492
911,,247.749,5,25,16707842,1585922392,4/3/20 8:59,680,0,3.08178E+16,f15253c4,肯定不能自己想用就用,,55573492
912,,177.667,1,25,16777215,1585928995,4/3/20 10:49,680,0,3.08212E+16,e74396e3,强烈支持安乐死,,55573492
913,,254.87,1,25,16777215,1585929072,4/3/20 10:51,680,0,3.08213E+16,e74396e3,支持,,55573492
914,,127.482,1,25,16777215,1585934648,4/3/20 12:24,680,0,3.08242E+16,d8a36cf9,反对安乐死,,55573492
915,,256.901,1,25,16777215,1585974639,4/3/20 23:30,680,0,3.08452E+16,72045df9,ZHUCHI,,55573492
916,,238.506,1,25,16777215,1585975082,4/3/20 23:38,680,0,3.08454E+16,dc6ade65,我想安乐死,,55573492
917,,253.459,1,25,16777215,1585975916,4/3/20 23:51,680,0,3.08458E+16,7fc927c4,支持,,55573492
918,,96.125,5,25,16707842,1586006725,4/4/20 8:25,681,0,3.0862E+16,bb78a409,带  孝  子  ,,55573492
919,,249.72,1,25,16777215,1586007718,4/4/20 8:41,681,0,3.08625E+16,5cdd6516,支持,,55573492
920,,235.531,5,25,16777215,1586008436,4/4/20 8:53,681,0,3.08629E+16,43e23107,有一些弹幕不要偏激好吗,,55573492
921,,14.339,5,25,15138834,1586010858,4/4/20 9:34,681,0,3.08641E+16,1c6a558b,因为好死不如赖活着,,55573492
922,,36.608,1,25,16777215,1586047685,4/4/20 19:48,681,0,3.08835E+16,23d4e2eb,我支持，我外公肺癌每天痛苦的睡不着，只能打麻药,,55573492
923,,102.564,1,25,16777215,1586048969,4/4/20 20:09,681,0,3.08841E+16,36a619dc,我和比利要消极安乐死,,55573492
924,,258.56,1,25,16777215,1586068690,4/5/20 1:38,682,0,3.08945E+16,af726915,支持,,55573492
925,,189.601,1,25,16777215,1586072117,4/5/20 2:35,682,0,3.08963E+16,ff1a026f,五年不是吧这中国,,55573492
926,,248.579,1,25,16777215,1586072329,4/5/20 2:38,682,0,3.08964E+16,6791b20a,反对,,55573492
927,,86.32,1,25,16777215,1586088911,4/5/20 7:15,682,0,3.09051E+16,cffb58b3,好吧，以后死在荷兰和比利时,,55573492
928,,142.78,1,25,16777215,1586088983,4/5/20 7:16,682,0,3.09051E+16,cffb58b3,我靠我陕西人！,,55573492
929,,173.719,1,25,16777215,1586089033,4/5/20 7:17,682,0,3.09051E+16,cffb58b3,支持安乐死，合法化后我去支持,,55573492
930,,232.839,1,25,16777215,1586089118,4/5/20 7:18,682,0,3.09052E+16,cffb58b3,"靠，人家本来就不想来到这个世界上好不好,,Ծ^Ծ,,",,55573492
931,,24.465,1,25,16777215,1586100680,4/5/20 10:31,682,0,3.09112E+16,c5f37163,能安乐死我已经死了,,55573492
932,,255.883,1,25,16777215,1586100911,4/5/20 10:35,682,0,3.09114E+16,c5f37163,支持,,55573492
933,,225.305,1,25,16777215,1586139361,4/5/20 21:16,682,0,3.09315E+16,e7a0aa6c,云天明,,55573492
934,,88.2,1,25,16707842,1586156161,4/6/20 1:56,683,0,3.09403E+16,7328a2fc,貌似瑞士也支持积极安乐死了,,55573492
935,,1.768,5,25,16707842,1586230771,4/6/20 22:39,683,0,3.09794E+16,4a6917f9,因为违法，讨论结束,,55573492
936,,1.342,5,25,16707842,1586230855,4/6/20 22:40,683,0,3.09795E+16,4a6917f9,因为违法，讨论完毕,,55573492
937,,0,5,25,16707842,1586230824,4/6/20 22:40,683,0,3.09795E+16,4a6917f9,因为违法，讨论完毕,,55573492
938,,226.003,5,25,16707842,1586230966,4/6/20 22:42,683,0,3.09795E+16,4a6917f9,自由会带来压迫,,55573492
939,,251.501,1,25,16777215,1586264564,4/7/20 8:02,684,0,3.09972E+16,502266f,绝对同意啊，都不能治了难道冷冻吗,,55573492
940,,258.475,1,25,16777215,1586264573,4/7/20 8:02,684,0,3.09972E+16,502266f,支持,,55573492
941,,21.585,1,25,16777215,1586317061,4/7/20 22:37,684,0,3.10247E+16,e8774ae,如果可以 我想安乐死,,55573492
942,,236.062,1,25,16777215,1586439270,4/9/20 8:34,686,0,3.10888E+16,f617259f,确实,,55573492
943,,171.498,1,25,16777215,1586479488,4/9/20 19:44,686,0,3.11098E+16,aeb02b3b,官司都打了5年，和在监狱里呆了5年，有什么区别吗？,,55573492
944,,240.538,1,25,16777215,1586479564,4/9/20 19:46,686,0,3.11099E+16,aeb02b3b,那这样岂不是很多高中生……,,55573492
945,,52.554,1,25,16777215,1586493713,4/9/20 23:41,686,0,3.11173E+16,fb53af84,支持,,55573492
946,,60.506,1,25,16777215,1586493721,4/9/20 23:42,686,0,3.11173E+16,fb53af84,我支持安乐死,,55573492
947,,177.18,1,25,16777215,1586493862,4/9/20 23:44,686,0,3.11174E+16,fb53af84,，。，。，。，。,,55573492
948,,192.766,1,25,16777215,1586493877,4/9/20 23:44,686,0,3.11174E+16,fb53af84,我支持,,55573492
949,,252.183,5,25,16646914,1586493956,4/9/20 23:45,686,0,3.11174E+16,fb53af84,必须支持,,55573492
950,,247.549,1,25,16777215,1586493938,4/9/20 23:45,686,0,3.11174E+16,fb53af84,支持！！！！！！！！！！！！！！！！！！！,,55573492
951,,258.466,5,25,16646914,1586493970,4/9/20 23:46,686,0,3.11174E+16,fb53af84,吃吃,,55573492
952,,213.816,1,25,16777215,1586534150,4/10/20 10:55,687,0,3.11385E+16,3cc08130,美国最多只会坐几百年牢，也没有死刑。。。,,55573492
953,,0.659,5,25,41194,1586534423,4/10/20 11:00,687,0,3.11386E+16,86b9e731,因为云天明还活着,,55573492
954,,251.832,1,25,16777215,1586584913,4/11/20 1:01,688,0,3.11651E+16,193f0095,不支持,,55573492
955,,14.088,1,25,16777215,1586700987,4/12/20 9:16,689,0,3.1226E+16,5c22d8f0,云天明,,55573492
956,,163.845,1,25,16777215,1586755446,4/13/20 0:24,690,0,3.12545E+16,39edbd83,我命由我不由天,,55573492
957,,251.282,1,25,16777215,1586819293,4/13/20 18:08,690,0,3.1288E+16,4e4be55e,支持,,55573492
958,,253.982,1,25,16777215,1586924705,4/14/20 23:25,691,0,3.13433E+16,e7a67313,支持安,,55573492
959,,258.16,1,25,16777215,1586934366,4/15/20 2:06,692,0,3.13483E+16,94b60295,支持,,55573492
960,,1.357,4,25,15138834,1586942953,4/15/20 4:29,692,0,3.13528E+16,e5a7d19a,我宁可被枪决，我也不乐意安乐死。,,55573492
961,,252.647,5,25,16777215,1587022353,4/16/20 2:32,693,0,3.13945E+16,8c3221e8,支持,,55573492
962,,15.899,1,25,16777215,1587081229,4/16/20 18:53,693,0,3.14253E+16,fcd30786,哈哈,,55573492
963,,249.235,1,25,16777215,1587121047,4/17/20 5:57,694,0,3.14462E+16,6173f697,支持,,55573492
964,,174.098,1,25,16777215,1587159101,4/17/20 16:31,694,0,3.14662E+16,5a982445,支持个屁一群小屁孩,,55573492
965,,0.556,5,25,16740868,1587196867,4/18/20 3:01,695,0,3.1486E+16,401341a3,↑这不正在讨论为什么违法吗，，，,,55573492
966,,250.259,1,25,16777215,1587277475,4/19/20 1:24,696,0,3.15282E+16,f4906479,支持,,55573492
967,,247.957,1,25,16777215,1587374725,4/20/20 4:25,697,0,3.15792E+16,ed5a3c12,支持，但是要管控审查严格,,55573492
968,,46.663,1,25,16777215,1587440725,4/20/20 22:45,697,0,3.16138E+16,5bed79a8,不支持,,55573492
969,,62.164,1,25,16777215,1587440741,4/20/20 22:45,697,0,3.16138E+16,5bed79a8,反对,,55573492
970,,237.423,1,25,16777215,1587440927,4/20/20 22:48,697,0,3.16139E+16,5bed79a8,反对,,55573492
971,,247.924,1,25,16777215,1587440937,4/20/20 22:48,697,0,3.16139E+16,5bed79a8,反对,,55573492
972,,246.497,5,25,15138834,1587482808,4/21/20 10:26,698,0,3.16359E+16,e2c1ae74,支持,,55573492
973,,250.281,1,25,16777215,1587484423,4/21/20 10:53,698,0,3.16367E+16,93bdd010,支持,,55573492
974,,251.892,1,25,16777215,1587486376,4/21/20 11:26,698,0,3.16377E+16,2f97064f,我不懂，但必须严控严管,,55573492
975,,118.983,1,25,16777215,1587488069,4/21/20 11:54,698,0,3.16386E+16,2399aeea,孝你妈，封建余孽,,55573492
976,,253.346,1,25,16777215,1587565503,4/22/20 9:25,699,0,3.16792E+16,148f7e4c,支持支持,,55573492
977,,252.46,1,25,16777215,1587620054,4/23/20 0:34,700,0,3.17078E+16,352be331,反对,,55573492
978,,242.937,1,25,16777215,1587641008,4/23/20 6:23,700,0,3.17188E+16,ebcf715b,支持安乐死，有些病痛生不如死！,,55573492
979,,193.652,1,25,16777215,1587735157,4/24/20 8:32,701,0,3.17682E+16,22eb6b48,太惨了,,55573492
980,,171.519,1,25,16777215,1587735135,4/24/20 8:32,701,0,3.17682E+16,22eb6b48,5年呀,,55573492
981,,255.001,1,25,16777215,1587735284,4/24/20 8:34,701,0,3.17682E+16,22eb6b48,目前反对,,55573492
982,,258.183,1,25,16777215,1587735296,4/24/20 8:34,701,0,3.17682E+16,22eb6b48,反对,,55573492
983,,257.086,1,25,16777215,1587875996,4/25/20 23:39,702,0,3.1842E+16,7ab78f4,支持,,55573492
984,,253.451,1,25,16777215,1588183029,4/29/20 12:57,706,0,3.2003E+16,a173115c,支持,,55573492
985,,61.517,1,25,16777215,1588212392,4/29/20 21:06,706,0,3.20184E+16,fb212a6a,没有痛苦的离去，不好吗。,,55573492
986,,253.551,1,25,16777215,1588212584,4/29/20 21:09,706,0,3.20185E+16,fb212a6a,我相信总有一天会有，但法律一定要规定明确,,55573492
987,,4.299,1,25,16646914,1588302216,4/30/20 22:03,707,0,3.20655E+16,5fda9c54,因为怕医院没钱赚了，再加上现在的社会压力基尼系数等等影响，谁都怕面对生活了。,,55573492
988,,52.324,1,25,16777215,1588341664,5/1/20 9:01,708,0,3.20862E+16,b7fc7a76,是我了,,55573492
989,,249.327,1,25,16777215,1588442514,5/2/20 13:01,709,0,3.2139E+16,8aad38e8,支持,,55573492
990,,223.017,1,25,16777215,1588485337,5/3/20 0:55,710,0,3.21615E+16,1796d266,器官买卖,,55573492
991,,218.824,1,25,16777215,1588516700,5/3/20 9:38,710,0,3.21779E+16,9e696dc3,被动安乐死还是不错的,,55573492
992,,226.417,1,25,16777215,1588516707,5/3/20 9:38,710,0,3.21779E+16,9e696dc3,太过痛苦,,55573492
993,,133.14,1,25,16777215,1588558369,5/3/20 21:12,710,0,3.21998E+16,1bc6b3f2,这个bgm真的刺耳,,55573492
994,,209.868,1,25,16777215,1588615037,5/4/20 12:57,711,0,3.22295E+16,d91fb7fb,残忍的杀生行为,,55573492
995,,246.732,1,25,16777215,1588615079,5/4/20 12:57,711,0,3.22295E+16,d91fb7fb,反对,,55573492
996,,255.465,1,25,16777215,1588644258,5/4/20 21:04,711,0,3.22448E+16,e03ec422,支持,,55573492
997,,245.437,1,25,15138834,1588689855,5/5/20 9:44,712,0,3.22687E+16,e06da52c,唉，我不想痛苦的死去,,55573492
998,,244.809,1,25,16777215,1588738897,5/5/20 23:21,712,0,3.22944E+16,70739f8c,的确,,55573492
999,,251.318,1,25,16777215,1588758051,5/6/20 4:40,713,0,3.23045E+16,e05114af,反对,,55573492
1000,,166.52,5,25,41194,1588764867,5/6/20 6:34,713,0,3.2308E+16,3e0618da,蒲医生是真好人！,,55573492